CREATE DATABASE  IF NOT EXISTS `bar883` /*!40100 DEFAULT CHARACTER SET utf8 */;
USE `bar883`;
-- MySQL dump 10.13  Distrib 5.6.13, for Win32 (x86)
--
-- Host: 127.0.0.1    Database: bar883
-- ------------------------------------------------------
-- Server version	5.1.73-community

/*!40101 SET @OLD_CHARACTER_SET_CLIENT=@@CHARACTER_SET_CLIENT */;
/*!40101 SET @OLD_CHARACTER_SET_RESULTS=@@CHARACTER_SET_RESULTS */;
/*!40101 SET @OLD_COLLATION_CONNECTION=@@COLLATION_CONNECTION */;
/*!40101 SET NAMES utf8 */;
/*!40103 SET @OLD_TIME_ZONE=@@TIME_ZONE */;
/*!40103 SET TIME_ZONE='+00:00' */;
/*!40014 SET @OLD_UNIQUE_CHECKS=@@UNIQUE_CHECKS, UNIQUE_CHECKS=0 */;
/*!40014 SET @OLD_FOREIGN_KEY_CHECKS=@@FOREIGN_KEY_CHECKS, FOREIGN_KEY_CHECKS=0 */;
/*!40101 SET @OLD_SQL_MODE=@@SQL_MODE, SQL_MODE='NO_AUTO_VALUE_ON_ZERO' */;
/*!40111 SET @OLD_SQL_NOTES=@@SQL_NOTES, SQL_NOTES=0 */;

--
-- Table structure for table `linea`
--

DROP TABLE IF EXISTS `linea`;
/*!40101 SET @saved_cs_client     = @@character_set_client */;
/*!40101 SET character_set_client = utf8 */;
CREATE TABLE `linea` (
  `IDL` int(11) NOT NULL AUTO_INCREMENT,
  `IDT` int(11) NOT NULL DEFAULT '0',
  `IDP` int(3) NOT NULL DEFAULT '0',
  `CANTIDAD` int(3) NOT NULL,
  `PREPARADO` bit(1) NOT NULL DEFAULT b'0',
  PRIMARY KEY (`IDL`,`IDT`,`IDP`),
  KEY `T_fk` (`IDT`),
  KEY `P_fk` (`IDP`),
  CONSTRAINT `P_fk` FOREIGN KEY (`IDP`) REFERENCES `productos` (`IDP`) ON UPDATE CASCADE,
  CONSTRAINT `T_fk` FOREIGN KEY (`IDT`) REFERENCES `tiquet` (`IDT`) ON UPDATE CASCADE
) ENGINE=InnoDB AUTO_INCREMENT=585 DEFAULT CHARSET=utf8;
/*!40101 SET character_set_client = @saved_cs_client */;

--
-- Dumping data for table `linea`
--

LOCK TABLES `linea` WRITE;
/*!40000 ALTER TABLE `linea` DISABLE KEYS */;
INSERT INTO `linea` VALUES (14,123,4,1,'\0'),(15,123,24,1,'\0'),(16,124,4,1,'\0'),(17,124,3,1,'\0'),(18,124,24,1,'\0'),(19,125,4,1,'\0'),(20,125,3,1,'\0'),(21,126,4,1,'\0'),(22,126,3,1,'\0'),(23,127,3,1,'\0'),(24,127,4,1,'\0'),(25,128,4,1,'\0'),(26,128,3,1,'\0'),(27,129,4,1,'\0'),(28,129,3,1,'\0'),(29,130,4,1,'\0'),(30,130,24,1,'\0'),(31,131,3,1,'\0'),(32,131,55,1,'\0'),(33,132,4,1,'\0'),(34,132,55,1,'\0'),(35,133,4,1,'\0'),(36,133,55,1,'\0'),(37,134,4,1,'\0'),(38,134,3,1,'\0'),(39,134,55,1,'\0'),(40,134,55,2,'\0'),(41,135,7,1,'\0'),(42,135,55,1,'\0'),(43,135,54,2,'\0'),(44,136,4,1,'\0'),(45,137,4,1,'\0'),(46,138,1,1,'\0'),(47,138,3,1,'\0'),(48,138,4,1,'\0'),(49,139,7,1,'\0'),(50,140,4,1,'\0'),(51,141,7,1,'\0'),(52,142,4,1,'\0'),(53,143,4,1,'\0'),(54,144,4,1,'\0'),(55,144,3,1,'\0'),(56,145,4,1,'\0'),(57,146,4,1,'\0'),(58,146,3,1,'\0'),(59,146,1,1,'\0'),(60,146,6,1,'\0'),(61,147,7,1,'\0'),(62,147,4,1,'\0'),(63,147,3,1,'\0'),(64,147,6,1,'\0'),(65,148,3,1,'\0'),(66,148,4,1,'\0'),(67,148,7,1,'\0'),(68,148,6,1,'\0'),(69,149,7,1,'\0'),(70,149,4,1,'\0'),(71,149,3,1,'\0'),(72,150,4,1,'\0'),(73,150,3,1,'\0'),(74,151,4,1,'\0'),(75,152,7,1,'\0'),(76,153,3,1,'\0'),(77,154,7,1,'\0'),(78,154,6,1,'\0'),(79,155,7,1,'\0'),(80,156,3,1,'\0'),(81,156,4,1,'\0'),(82,159,4,1,'\0'),(83,159,3,1,'\0'),(84,160,3,1,'\0'),(85,160,4,1,'\0'),(86,161,7,1,'\0'),(87,162,4,1,'\0'),(88,163,4,1,'\0'),(89,163,3,1,'\0'),(90,164,4,1,'\0'),(91,165,3,1,'\0'),(92,166,4,1,'\0'),(93,167,7,1,'\0'),(94,168,1,1,'\0'),(95,169,4,1,'\0'),(96,170,10,1,'\0'),(97,171,4,1,'\0'),(98,171,3,1,'\0'),(99,171,45,1,'\0'),(100,171,48,1,'\0'),(101,172,7,1,'\0'),(102,172,4,1,'\0'),(103,172,48,1,'\0'),(104,172,45,1,'\0'),(105,173,4,1,'\0'),(106,173,3,1,'\0'),(107,173,45,1,'\0'),(108,173,48,1,'\0'),(109,174,7,1,'\0'),(110,174,6,1,'\0'),(111,174,26,1,'\0'),(112,174,45,1,'\0'),(113,175,4,1,'\0'),(114,175,3,1,'\0'),(115,175,45,1,'\0'),(116,175,48,1,'\0'),(117,176,4,1,'\0'),(118,176,7,1,'\0'),(119,176,44,1,'\0'),(120,176,26,1,'\0'),(121,176,32,1,'\0'),(122,177,4,1,'\0'),(123,177,3,1,'\0'),(124,177,26,1,'\0'),(125,177,48,1,'\0'),(126,178,4,1,'\0'),(127,178,45,1,'\0'),(128,178,48,1,'\0'),(129,180,4,1,'\0'),(130,180,3,1,'\0'),(131,180,45,1,'\0'),(132,180,48,1,'\0'),(133,181,7,1,'\0'),(134,181,4,1,'\0'),(135,182,7,1,'\0'),(136,182,6,1,'\0'),(137,183,6,1,'\0'),(138,184,6,1,'\0'),(139,185,51,1,'\0'),(140,185,47,1,'\0'),(141,186,47,1,'\0'),(142,187,37,1,'\0'),(143,188,37,1,'\0'),(144,189,4,1,'\0'),(145,189,47,1,'\0'),(146,190,48,1,'\0'),(147,190,47,1,'\0'),(148,190,55,1,'\0'),(149,191,4,1,'\0'),(150,191,47,1,'\0'),(151,192,7,1,'\0'),(152,192,47,1,'\0'),(153,193,4,1,'\0'),(154,193,45,1,'\0'),(155,194,4,1,'\0'),(156,194,45,1,'\0'),(157,194,47,1,'\0'),(158,195,4,1,'\0'),(159,195,45,1,'\0'),(160,195,47,1,'\0'),(161,196,4,1,'\0'),(162,196,45,1,'\0'),(163,196,47,1,'\0'),(164,197,4,1,'\0'),(165,197,45,1,'\0'),(166,197,47,1,'\0'),(167,198,4,1,'\0'),(168,198,45,1,'\0'),(169,198,47,1,'\0'),(170,200,4,1,'\0'),(171,202,4,1,'\0'),(172,202,3,1,'\0'),(173,203,4,1,'\0'),(174,203,7,1,'\0'),(175,204,7,1,'\0'),(176,204,6,1,'\0'),(177,205,7,1,'\0'),(178,205,4,1,'\0'),(179,205,3,1,'\0'),(180,205,6,1,'\0'),(181,206,7,1,'\0'),(182,207,7,1,'\0'),(183,208,3,1,'\0'),(184,208,4,1,'\0'),(185,208,45,1,'\0'),(186,209,4,1,'\0'),(187,209,3,1,'\0'),(188,209,7,1,'\0'),(189,210,4,1,'\0'),(190,210,3,1,'\0'),(191,211,4,1,'\0'),(192,211,7,1,'\0'),(193,212,7,1,'\0'),(194,212,4,1,'\0'),(195,213,7,1,'\0'),(196,213,4,1,'\0'),(197,214,4,1,'\0'),(198,215,4,1,'\0'),(199,215,3,1,'\0'),(200,216,4,1,'\0'),(201,216,3,1,'\0'),(202,216,7,1,'\0'),(203,216,6,1,'\0'),(204,217,4,1,'\0'),(205,217,3,1,'\0'),(206,217,7,1,'\0'),(207,218,4,1,'\0'),(208,218,3,1,'\0'),(209,218,7,1,'\0'),(210,218,6,1,'\0'),(211,219,7,1,'\0'),(212,219,4,1,'\0'),(213,220,7,1,'\0'),(214,220,4,1,'\0'),(215,221,4,1,'\0'),(216,221,3,1,'\0'),(217,222,7,1,'\0'),(218,222,4,1,'\0'),(219,223,6,1,'\0'),(220,223,7,1,'\0'),(221,224,7,1,'\0'),(222,225,4,1,'\0'),(223,225,3,1,'\0'),(224,226,4,1,'\0'),(225,226,3,1,'\0'),(226,227,7,1,'\0'),(227,227,4,1,'\0'),(228,228,4,1,'\0'),(229,229,7,1,'\0'),(230,229,4,1,'\0'),(231,230,7,1,'\0'),(232,230,4,1,'\0'),(233,231,4,1,'\0'),(234,231,3,1,'\0'),(235,232,4,1,'\0'),(236,232,3,1,'\0'),(237,233,4,1,'\0'),(238,233,7,1,'\0'),(239,234,4,1,'\0'),(240,234,7,1,'\0'),(241,236,4,1,'\0'),(242,237,4,1,'\0'),(243,238,7,1,'\0'),(244,238,4,1,'\0'),(245,239,7,1,'\0'),(246,239,4,1,'\0'),(247,240,7,1,'\0'),(248,240,4,1,'\0'),(249,241,10,1,'\0'),(250,241,7,1,'\0'),(251,242,4,1,'\0'),(252,242,7,1,'\0'),(253,243,4,1,'\0'),(254,243,3,1,'\0'),(255,244,44,1,'\0'),(256,244,45,1,'\0'),(257,244,1,1,'\0'),(258,245,55,1,'\0'),(259,245,54,1,'\0'),(260,245,2,1,'\0'),(261,246,4,1,'\0'),(262,246,3,1,'\0'),(263,247,4,1,'\0'),(264,247,7,1,'\0'),(265,248,4,1,'\0'),(266,248,7,1,'\0'),(267,249,44,1,'\0'),(268,249,45,1,'\0'),(269,250,4,1,'\0'),(270,250,3,1,'\0'),(271,250,44,1,'\0'),(272,250,45,1,'\0'),(273,251,4,1,'\0'),(274,251,3,1,'\0'),(275,251,44,1,'\0'),(276,251,45,1,'\0'),(277,252,4,1,'\0'),(278,252,3,1,'\0'),(279,252,44,1,'\0'),(280,253,4,1,'\0'),(281,253,3,1,'\0'),(282,253,45,1,'\0'),(283,253,44,1,'\0'),(284,254,4,1,'\0'),(285,254,3,1,'\0'),(286,254,44,1,'\0'),(287,254,45,1,'\0'),(288,255,4,1,'\0'),(289,255,3,1,'\0'),(290,255,44,1,'\0'),(291,255,45,1,'\0'),(292,256,4,1,'\0'),(293,256,3,1,'\0'),(294,256,45,1,'\0'),(295,256,44,1,'\0'),(296,257,4,1,'\0'),(297,257,3,1,'\0'),(298,257,45,1,'\0'),(299,257,44,1,'\0'),(300,258,7,1,'\0'),(301,258,4,1,'\0'),(302,259,7,1,'\0'),(303,260,7,1,'\0'),(304,261,10,1,'\0'),(305,262,4,1,'\0'),(306,262,3,1,'\0'),(307,263,4,1,'\0'),(308,263,7,1,'\0'),(309,264,4,1,'\0'),(310,264,3,1,'\0'),(311,265,7,1,'\0'),(312,265,4,1,'\0'),(313,266,3,1,'\0'),(314,266,1,1,'\0'),(315,267,4,1,'\0'),(316,267,3,1,'\0'),(317,267,44,1,'\0'),(318,267,45,1,'\0'),(319,268,4,1,'\0'),(320,268,3,1,'\0'),(321,268,45,1,'\0'),(322,268,44,1,'\0'),(323,269,4,1,'\0'),(324,269,3,1,'\0'),(325,270,4,1,'\0'),(326,270,3,1,'\0'),(327,271,4,1,'\0'),(328,272,4,1,'\0'),(329,272,7,1,'\0'),(330,272,3,1,'\0'),(331,273,7,1,'\0'),(332,274,4,1,'\0'),(333,275,4,1,'\0'),(334,275,3,1,'\0'),(335,276,3,1,'\0'),(336,276,4,1,'\0'),(337,277,6,1,'\0'),(338,278,7,1,'\0'),(339,278,4,1,'\0'),(340,279,7,1,'\0'),(341,279,1,2,'\0'),(342,280,4,1,'\0'),(343,280,3,1,'\0'),(344,281,1,1,'\0'),(345,281,3,1,'\0'),(346,281,6,1,'\0'),(347,281,44,1,'\0'),(348,281,43,1,'\0'),(349,282,4,1,'\0'),(350,283,3,1,'\0'),(351,283,1,1,'\0'),(352,283,54,1,'\0'),(353,283,44,1,'\0'),(354,286,3,1,'\0'),(355,293,15,1,'\0'),(356,293,17,1,'\0'),(357,295,15,1,'\0'),(358,296,17,1,'\0'),(359,296,19,1,'\0'),(360,297,19,1,'\0'),(361,297,17,1,'\0'),(362,297,15,1,'\0'),(363,297,13,1,'\0'),(364,297,12,1,'\0'),(365,297,14,1,'\0'),(366,297,16,1,'\0'),(367,298,15,1,'\0'),(368,298,17,1,'\0'),(369,299,13,1,'\0'),(370,299,15,1,'\0'),(371,299,17,1,'\0'),(372,299,19,4,'\0'),(373,300,13,1,'\0'),(374,300,15,1,'\0'),(375,300,17,1,'\0'),(376,301,15,1,'\0'),(377,301,14,1,'\0'),(378,302,13,1,'\0'),(379,302,15,1,'\0'),(380,303,13,1,'\0'),(381,303,15,1,'\0'),(382,303,17,1,'\0'),(383,306,19,1,'\0'),(384,306,17,1,'\0'),(385,307,15,1,'\0'),(386,307,19,1,'\0'),(387,308,19,1,'\0'),(388,308,17,1,'\0'),(389,309,19,1,'\0'),(390,309,17,1,'\0'),(391,310,16,1,'\0'),(392,310,17,1,'\0'),(393,310,19,1,'\0'),(394,311,21,1,'\0'),(395,312,19,1,'\0'),(396,312,17,1,'\0'),(397,313,13,1,'\0'),(398,313,15,1,'\0'),(399,315,19,1,'\0'),(400,315,17,1,'\0'),(401,316,13,1,'\0'),(402,316,15,1,'\0'),(403,317,13,1,'\0'),(404,317,15,1,'\0'),(405,318,19,1,'\0'),(406,318,17,1,'\0'),(407,319,13,1,'\0'),(408,319,13,1,'\0'),(409,319,13,1,'\0'),(410,320,13,1,'\0'),(411,320,13,1,'\0'),(412,320,13,1,'\0'),(413,321,17,1,'\0'),(414,321,15,1,'\0'),(415,322,13,1,'\0'),(416,322,19,1,'\0'),(417,323,17,1,'\0'),(418,324,13,1,'\0'),(419,324,15,1,'\0'),(420,325,13,1,'\0'),(421,326,13,1,'\0'),(422,327,13,1,'\0'),(423,327,15,1,'\0'),(424,327,17,1,'\0'),(425,328,13,1,'\0'),(426,328,15,1,'\0'),(427,328,17,1,'\0'),(428,328,15,1,'\0'),(429,328,13,1,'\0'),(430,329,15,1,'\0'),(431,329,13,1,'\0'),(432,329,17,1,'\0'),(433,330,15,1,'\0'),(434,330,17,1,'\0'),(435,331,15,1,'\0'),(436,331,17,1,'\0'),(437,331,19,1,'\0'),(438,332,13,1,'\0'),(439,333,13,1,'\0'),(440,333,15,1,'\0'),(441,334,13,1,'\0'),(442,334,15,1,'\0'),(443,334,17,1,'\0'),(444,335,13,1,'\0'),(445,336,13,1,'\0'),(446,336,15,1,'\0'),(447,336,17,1,'\0'),(448,337,17,1,'\0'),(449,337,19,2,'\0'),(450,337,44,1,'\0'),(451,337,44,1,'\0'),(452,338,17,11,'\0'),(453,338,17,1,'\0'),(454,339,25,9,'\0'),(455,342,15,1,'\0'),(456,342,17,1,'\0'),(457,342,19,1,'\0'),(458,344,15,1,'\0'),(459,344,17,1,'\0'),(460,345,17,1,'\0'),(461,347,15,1,'\0'),(462,348,15,1,'\0'),(463,348,13,1,'\0'),(464,349,15,1,'\0'),(465,349,17,1,'\0'),(466,350,13,1,'\0'),(467,350,13,1,'\0'),(468,350,13,1,'\0'),(469,350,13,1,'\0'),(470,350,13,1,'\0'),(471,351,13,1,'\0'),(472,351,15,1,'\0'),(473,352,17,1,'\0'),(474,353,13,1,'\0'),(475,353,15,1,'\0'),(476,353,17,1,'\0'),(477,353,19,1,'\0'),(478,354,15,1,'\0'),(479,354,17,1,'\0'),(480,355,13,1,'\0'),(481,355,15,1,'\0'),(482,356,13,1,'\0'),(483,356,12,1,'\0'),(484,357,12,1,'\0'),(485,357,14,1,'\0'),(486,357,16,1,'\0'),(487,358,13,1,'\0'),(488,358,12,1,'\0'),(489,358,14,1,'\0'),(490,359,18,1,'\0'),(491,359,14,1,'\0'),(492,360,17,1,'\0'),(493,360,15,1,'\0'),(494,360,16,1,'\0'),(495,361,13,1,'\0'),(496,361,15,1,'\0'),(497,362,16,1,'\0'),(498,362,14,1,'\0'),(499,363,13,1,'\0'),(500,363,17,1,'\0'),(501,363,15,1,'\0'),(502,364,17,1,'\0'),(503,365,13,1,'\0'),(504,366,43,1,'\0'),(505,366,44,1,'\0'),(506,367,43,1,'\0'),(507,367,45,1,'\0'),(508,367,47,1,'\0'),(509,370,15,1,'\0'),(510,371,13,1,'\0'),(511,371,15,1,'\0'),(512,371,43,1,'\0'),(513,372,15,1,'\0'),(514,372,17,1,'\0'),(515,373,15,1,'\0'),(516,374,15,1,'\0'),(517,374,17,1,'\0'),(518,374,19,1,'\0'),(519,375,17,1,'\0'),(520,375,19,1,'\0'),(521,376,17,1,'\0'),(522,376,15,1,'\0'),(523,377,17,1,'\0'),(524,377,17,1,'\0'),(525,378,27,1,'\0'),(526,378,27,1,'\0'),(527,378,26,1,'\0'),(528,379,29,3,'\0'),(529,379,25,1,'\0'),(530,380,19,4,'\0'),(531,380,15,1,'\0'),(532,381,13,1,'\0'),(533,381,21,1,'\0'),(534,381,20,1,'\0'),(535,381,18,1,'\0'),(536,382,13,1,'\0'),(537,382,15,1,'\0'),(538,382,43,1,'\0'),(539,382,45,1,'\0'),(540,383,13,1,'\0'),(541,383,15,1,'\0'),(542,383,43,1,'\0'),(543,383,45,1,'\0'),(544,384,13,1,'\0'),(545,384,43,1,'\0'),(546,384,45,1,'\0'),(547,385,13,1,'\0'),(548,385,43,1,'\0'),(549,385,45,1,'\0'),(550,386,13,1,'\0'),(551,386,15,1,'\0'),(552,387,13,1,'\0'),(553,387,15,1,'\0'),(554,390,13,1,'\0'),(555,390,15,1,'\0'),(556,391,13,1,'\0'),(557,393,13,4,'\0'),(558,393,15,2,'\0'),(559,393,17,1,'\0'),(560,409,43,1,''),(561,409,44,1,''),(562,410,44,1,''),(564,410,43,1,''),(564,411,13,1,'\0'),(565,411,15,1,'\0'),(566,411,17,1,'\0'),(567,412,13,1,'\0'),(568,412,15,1,'\0'),(569,412,17,1,'\0'),(570,413,13,1,'\0'),(571,413,15,1,'\0'),(572,413,17,1,'\0'),(573,414,13,1,'\0'),(574,414,15,1,'\0'),(575,414,17,1,'\0'),(576,415,13,1,'\0'),(579,415,15,1,'\0'),(580,415,19,1,'\0'),(581,415,17,1,'\0'),(582,416,43,1,'\0'),(583,416,44,1,'\0'),(584,416,46,1,'\0');
/*!40000 ALTER TABLE `linea` ENABLE KEYS */;
UNLOCK TABLES;

--
-- Table structure for table `mesas`
--

DROP TABLE IF EXISTS `mesas`;
/*!40101 SET @saved_cs_client     = @@character_set_client */;
/*!40101 SET character_set_client = utf8 */;
CREATE TABLE `mesas` (
  `IDM` int(11) NOT NULL AUTO_INCREMENT,
  `DESCRIPCION` varchar(50) DEFAULT NULL,
  PRIMARY KEY (`IDM`)
) ENGINE=InnoDB AUTO_INCREMENT=15 DEFAULT CHARSET=utf8;
/*!40101 SET character_set_client = @saved_cs_client */;

--
-- Dumping data for table `mesas`
--

LOCK TABLES `mesas` WRITE;
/*!40000 ALTER TABLE `mesas` DISABLE KEYS */;
INSERT INTO `mesas` VALUES (1,'Mesa 1'),(2,'Mesa 2'),(3,'Mesa 3'),(4,'Mesa 4'),(5,'Mesa 5'),(6,'Mesa 6'),(7,'Mesa 7'),(8,'Mesa 8'),(9,'Terraza 1'),(10,'Terraza 2'),(11,'Terraza 3'),(12,'Terraza 4'),(13,'Terraza 5'),(14,'Terraza 6');
/*!40000 ALTER TABLE `mesas` ENABLE KEYS */;
UNLOCK TABLES;

--
-- Table structure for table `productos`
--

DROP TABLE IF EXISTS `productos`;
/*!40101 SET @saved_cs_client     = @@character_set_client */;
/*!40101 SET character_set_client = utf8 */;
CREATE TABLE `productos` (
  `IDP` int(3) NOT NULL AUTO_INCREMENT,
  `DESCRIPCION` varchar(50) DEFAULT NULL,
  `PRECIO` float(5,2) DEFAULT NULL,
  `FAMILIA` varchar(50) DEFAULT NULL,
  `IMAGEN` varchar(150) DEFAULT NULL,
  PRIMARY KEY (`IDP`)
) ENGINE=InnoDB AUTO_INCREMENT=58 DEFAULT CHARSET=utf8;
/*!40101 SET character_set_client = @saved_cs_client */;

--
-- Dumping data for table `productos`
--

LOCK TABLES `productos` WRITE;
/*!40000 ALTER TABLE `productos` DISABLE KEYS */;
INSERT INTO `productos` VALUES (1,'Coca-Cola',1.50,'refrescos','imagenes/cola3.jpg'),(2,'cafe',1.00,'cafes','imagenes/cafe.jpg'),(3,'TrinaN',1.50,'refrescos','imagenes/trina.jpg'),(4,'FantaN',1.50,'refrescos','imagenes/fantaN.jpg'),(5,'FantaL',1.50,'refrescos','imagenes/fantaL.jpg'),(6,'Coca-Cola Zero',1.50,'refrescos','imagenes/colaZ.jpg'),(7,'TrinaL',1.50,'refrescos','imagenes/trinaL.jpg'),(8,'Nestea',1.50,'refrescos','imagenes/nestea.jpg'),(9,'Bitter kas',1.60,'refrescos','imagenes/bitter.jpg'),(10,'Acuarious',1.60,'refrescos','imagenes/a.jpg'),(11,'Tonica',1.60,'refrescos','imagenes/tonica.jpg'),(12,'Caña Estrella Galicia',1.20,'alcohol','imagenes/e.jpg'),(13,'Tercio Estrella Galicia',1.40,'alcohol','imagenes/te.jpg'),(14,'Doble Estrella Galicia',1.50,'alcohol','imagenes/de.jpg'),(15,'Quinto Estrella Galicia ',1.20,'alcohol','imagenes/qe.jpg'),(16,'Caña Estrella Galicia 1906',2.00,'alcohol','imagenes/es.jpg'),(17,'Doble Estrella Galicia 1906',2.50,'alcohol','imagenes/es.jpg'),(18,'Quinto Heineken',1.20,'alcohol','imagenes/h.jpg'),(19,'Quinto Amstel',1.20,'alcohol','imagenes/am.jpg'),(20,'Tercio Amstel',1.30,'alcohol','imagenes/am.jpg'),(21,'Vino Viña Turquesa',8.00,'alcohol','imagenes/vt.jpg'),(22,'Vino Sangre de Guida',6.00,'alcohol','imagenes/vs.jpg'),(23,'Vino de la casa Viñadela',4.50,'alcohol','imagenes/va.jpg'),(24,'Bravas',3.25,'tapas','imagenes/bravas.jpg'),(25,'Calamares',3.75,'tapas','imagenes/calamares.jpg'),(26,'Chistorra con patatas',3.25,'tapas','imagenes/chp.jpg'),(27,'Bacon,huevo y patatas',3.25,'tapas','imagenes/bhp.jpg'),(28,'Longanizas con pimiento',3.50,'tapas','imagenes/lp.jpg'),(29,'Puntilla',4.00,'tapas','imagenes/pun.jpg'),(30,'Montaditos variados',4.00,'tapas','imagenes/m.jpg'),(31,'Aros de cebolla',3.00,'tapas','imagenes/aros.jpg'),(32,'Queso fresco con anchoas',5.00,'tapas','imagenes/q.jpg'),(33,'Boquerones fritos',3.50,'tapas','imagenes/b.jpeg'),(34,'Champiñon a la plancha',3.00,'tapas','imagenes/c.jpg'),(35,'Pechuga,huevo y patatas',5.50,'platos','imagenes/php.jpg'),(36,'Lomo,ensalada y huevo frito',5.50,'platos','imagenes/leh.jpg'),(37,'Ternera,pimientos y patatas',6.00,'platos','imagenes/tpp.jpg'),(38,'Pares',4.00,'platos','imagenes/pares.jpg'),(39,'Secretos',5.50,'platos','imagenes/secretos.jpg'),(40,'Pares y secreto',8.50,'platos','imagenes/pys.jpg'),(41,'Ensalada 883',4.25,'platos','imagenes/en.jpg'),(42,'Hamburguesa 1/4Libra',5.50,'platos','imagenes/ha.jpg'),(43,'Chivito',3.50,'bocadillos','imagenes/ch.jpg'),(44,'Brascada',4.00,'bocadillos','imagenes/br.jpg'),(45,'Almusafes',3.25,'bocadillos','imagenes/al.jpg'),(46,'Embutido',3.50,'bocadillos','imagenes/em.jpg'),(47,'Tortilla francesa con tomate rallado',3.00,'bocadillos','imagenes/tf.jpg'),(48,'Tortilla de patatas',3.25,'bocadillos','imagenes/tp.jpg'),(49,'Sandwitch mixto',2.50,'bocadillos','imagenes/sm.jpg'),(50,'Sandwitch vegetal',3.50,'bocadillos','imagenes/sg.jpg'),(51,'Sandwitch bacon y queso',2.75,'bocadillos','imagenes/sb.jpg'),(52,'Tarta de queso y arandanos',3.00,'postres','imagenes/ta.jpg'),(53,'Tarta de chocolate',3.00,'postres','imagenes/tc.jpg'),(54,'Cortado',1.10,'cafes','imagenes/cortado.jpg'),(55,'Cafe con leche',1.20,'cafes','imagenes/cl.jpg'),(56,'Bombon',1.30,'cafes','imagenes/bombon.png'),(57,'Carajillo',1.30,'cafes','imagenes/carajillo.jpeg');
/*!40000 ALTER TABLE `productos` ENABLE KEYS */;
UNLOCK TABLES;

--
-- Table structure for table `tiquet`
--

DROP TABLE IF EXISTS `tiquet`;
/*!40101 SET @saved_cs_client     = @@character_set_client */;
/*!40101 SET character_set_client = utf8 */;
CREATE TABLE `tiquet` (
  `IDT` int(11) NOT NULL AUTO_INCREMENT,
  `IDM` int(11) NOT NULL,
  `FECHA` date NOT NULL,
  `ENVIADO` bit(1) NOT NULL DEFAULT b'0',
  `COBRADO` bit(1) NOT NULL DEFAULT b'0',
  PRIMARY KEY (`IDT`),
  KEY `MESAS_fk` (`IDM`),
  KEY `M_fk_idx` (`IDM`),
  CONSTRAINT `M_fk` FOREIGN KEY (`IDM`) REFERENCES `mesas` (`IDM`) ON DELETE NO ACTION ON UPDATE NO ACTION
) ENGINE=InnoDB AUTO_INCREMENT=417 DEFAULT CHARSET=utf8;
/*!40101 SET character_set_client = @saved_cs_client */;

--
-- Dumping data for table `tiquet`
--

LOCK TABLES `tiquet` WRITE;
/*!40000 ALTER TABLE `tiquet` DISABLE KEYS */;
INSERT INTO `tiquet` VALUES (123,2,'2013-08-14','\0','\0'),(124,2,'2013-08-14','\0','\0'),(125,3,'2013-08-14','\0','\0'),(126,2,'2013-08-14','\0','\0'),(127,2,'2013-08-14','\0','\0'),(128,3,'2013-08-14','\0','\0'),(129,2,'2013-08-14','\0','\0'),(130,3,'2013-08-14','\0','\0'),(131,2,'2013-08-14','\0','\0'),(132,2,'2013-08-14','\0','\0'),(133,2,'2013-08-14','\0','\0'),(134,12,'2013-08-14','\0','\0'),(135,2,'2013-08-14','\0','\0'),(136,1,'2013-08-16','\0','\0'),(137,1,'2013-08-16','\0','\0'),(138,1,'2013-08-16','\0','\0'),(139,1,'2013-08-16','\0','\0'),(140,1,'2013-08-16','\0','\0'),(141,1,'2013-08-16','\0','\0'),(142,1,'2013-08-16','\0','\0'),(143,1,'2013-08-16','\0','\0'),(144,1,'2013-08-16','\0','\0'),(145,1,'2013-08-16','\0','\0'),(146,1,'2013-08-23','\0','\0'),(147,1,'2013-08-23','\0','\0'),(148,3,'2013-08-23','\0','\0'),(149,1,'2013-08-23','\0','\0'),(150,1,'2013-08-23','\0','\0'),(151,1,'2013-08-23','\0','\0'),(152,1,'2013-08-23','\0','\0'),(153,1,'2013-08-23','\0','\0'),(154,1,'2013-08-23','\0','\0'),(155,1,'2013-08-23','\0','\0'),(156,1,'2013-08-23','\0','\0'),(157,1,'2013-08-23','\0','\0'),(158,1,'2013-08-23','\0','\0'),(159,1,'2013-08-23','\0','\0'),(160,1,'2013-08-23','\0','\0'),(161,1,'2013-08-23','\0','\0'),(162,1,'2013-08-23','\0','\0'),(163,1,'2013-08-23','\0','\0'),(164,1,'2013-08-23','\0','\0'),(165,1,'2013-08-23','\0','\0'),(166,1,'2013-08-23','\0','\0'),(167,1,'2013-08-23','\0','\0'),(168,1,'2013-08-23','\0','\0'),(169,1,'2013-08-23','\0','\0'),(170,3,'2013-08-23','\0','\0'),(171,1,'2013-08-23','\0','\0'),(172,1,'2013-08-23','\0','\0'),(173,2,'2013-08-23','\0','\0'),(174,1,'2013-08-23','\0','\0'),(175,11,'2013-08-23','\0','\0'),(176,2,'2013-08-23','\0','\0'),(177,2,'2013-08-23','\0','\0'),(178,1,'2013-08-23','\0','\0'),(179,3,'2013-08-23','\0','\0'),(180,2,'2013-08-23','\0','\0'),(181,1,'2013-08-23','\0','\0'),(182,1,'2013-08-23','\0','\0'),(183,1,'2013-08-23','\0','\0'),(184,1,'2013-08-23','\0','\0'),(185,2,'2013-08-23','\0','\0'),(186,8,'2013-08-23','\0','\0'),(187,8,'2013-08-23','\0','\0'),(188,7,'2013-08-23','\0','\0'),(189,2,'2013-08-23','\0','\0'),(190,8,'2013-08-23','\0','\0'),(191,12,'2013-08-23','\0','\0'),(192,8,'2013-08-23','\0','\0'),(193,8,'2013-08-23','\0','\0'),(194,12,'2013-08-23','\0','\0'),(195,12,'2013-08-23','\0','\0'),(196,8,'2013-08-23','\0','\0'),(197,8,'2013-08-23','\0','\0'),(198,3,'2013-08-23','\0','\0'),(200,2,'2013-08-23','\0','\0'),(202,8,'2013-08-23','\0','\0'),(203,8,'2013-08-23','\0','\0'),(204,8,'2013-08-23','\0','\0'),(205,8,'2013-08-23','\0','\0'),(206,8,'2013-08-23','\0','\0'),(207,8,'2013-08-23','\0','\0'),(208,8,'2013-08-23','\0','\0'),(209,2,'2013-08-23','\0','\0'),(210,8,'2013-08-23','\0','\0'),(211,8,'2013-08-23','\0','\0'),(212,3,'2013-08-23','\0','\0'),(213,12,'2013-08-23','\0','\0'),(214,4,'2013-08-23','\0','\0'),(215,8,'2013-08-23','\0','\0'),(216,8,'2013-08-23','\0','\0'),(217,3,'2013-08-23','\0','\0'),(218,3,'2013-08-23','\0','\0'),(219,7,'2013-08-23','\0','\0'),(220,7,'2013-08-23','\0','\0'),(221,7,'2013-08-23','\0','\0'),(222,7,'2013-08-23','\0','\0'),(223,10,'2013-08-23','\0','\0'),(224,10,'2013-08-23','\0','\0'),(225,8,'2013-08-23','\0','\0'),(226,2,'2013-08-23','\0','\0'),(227,8,'2013-08-23','\0','\0'),(228,2,'2013-08-23','\0','\0'),(229,8,'2013-08-23','\0','\0'),(230,2,'2013-08-23','\0','\0'),(231,8,'2013-08-23','\0','\0'),(232,8,'2013-08-23','\0','\0'),(233,8,'2013-08-23','\0','\0'),(234,8,'2013-08-23','\0','\0'),(235,8,'2013-08-23','\0','\0'),(236,11,'2013-08-23','\0','\0'),(237,11,'2013-08-23','\0','\0'),(238,8,'2013-08-23','\0','\0'),(239,12,'2013-08-23','\0','\0'),(240,8,'2013-08-23','\0','\0'),(241,8,'2013-08-23','\0','\0'),(242,8,'2013-08-23','\0','\0'),(243,8,'2013-08-24','\0','\0'),(244,8,'2013-08-24','\0','\0'),(245,8,'2013-08-24','\0','\0'),(246,8,'2013-08-24','\0','\0'),(247,8,'2013-08-24','\0','\0'),(248,8,'2013-08-24','\0','\0'),(249,8,'2013-08-24','\0','\0'),(250,1,'2013-08-24','\0','\0'),(251,3,'2013-08-24','\0','\0'),(252,3,'2013-08-24','\0','\0'),(253,8,'2013-08-24','\0','\0'),(254,8,'2013-08-24','\0','\0'),(255,3,'2013-08-24','\0','\0'),(256,3,'2013-08-24','\0','\0'),(257,8,'2013-08-24','\0','\0'),(258,8,'2013-08-24','\0','\0'),(259,8,'2013-08-24','\0','\0'),(260,8,'2013-08-24','\0','\0'),(261,8,'2013-08-24','\0','\0'),(262,8,'2013-08-24','\0','\0'),(263,8,'2013-08-24','\0','\0'),(264,8,'2013-08-24','\0','\0'),(265,8,'2013-08-24','\0','\0'),(266,8,'2013-08-24','\0','\0'),(267,3,'2013-08-24','\0','\0'),(268,8,'2013-08-24','\0','\0'),(269,8,'2013-08-24','\0','\0'),(270,8,'2013-08-24','\0','\0'),(271,8,'2013-08-24','\0','\0'),(272,8,'2013-08-26','\0','\0'),(273,8,'2013-08-26','\0','\0'),(274,8,'2013-08-26','\0','\0'),(275,8,'2013-08-26','\0','\0'),(276,8,'2013-09-21','\0','\0'),(277,8,'2013-09-21','\0','\0'),(278,8,'2013-09-21','\0','\0'),(279,8,'2013-09-21','\0','\0'),(280,8,'2013-09-21','\0','\0'),(281,1,'2013-09-21','\0','\0'),(282,3,'2013-09-21','\0','\0'),(283,1,'2013-10-20','\0','\0'),(284,8,'2013-10-20','\0','\0'),(285,1,'2014-01-13','\0','\0'),(286,4,'2014-01-21','\0','\0'),(287,8,'2014-01-24','\0','\0'),(288,8,'2014-01-24','\0','\0'),(289,8,'2014-01-24','\0','\0'),(290,7,'2014-01-24','\0','\0'),(291,7,'2014-01-24','\0','\0'),(292,6,'2014-01-24','\0','\0'),(293,7,'2014-01-24','\0','\0'),(294,2,'2014-01-24','\0','\0'),(295,2,'2014-01-24','\0','\0'),(296,12,'2014-01-24','\0','\0'),(297,14,'2014-01-24','\0','\0'),(298,7,'2014-01-24','\0','\0'),(299,2,'2014-01-25','\0','\0'),(300,7,'2014-01-25','\0','\0'),(301,1,'2014-01-25','\0','\0'),(302,2,'2014-01-25','\0','\0'),(303,8,'2014-01-25','\0','\0'),(304,8,'2014-01-25','\0','\0'),(305,8,'2014-01-25','\0','\0'),(306,8,'2014-01-25','\0','\0'),(307,8,'2014-01-26','\0','\0'),(308,8,'2014-01-26','\0','\0'),(309,8,'2014-01-26','\0','\0'),(310,8,'2014-01-26','\0','\0'),(311,8,'2014-01-26','\0','\0'),(312,8,'2014-01-26','\0','\0'),(313,8,'2014-01-26','\0','\0'),(314,2,'2014-01-26','\0','\0'),(315,8,'2014-01-26','\0','\0'),(316,8,'2014-01-26','\0','\0'),(317,8,'2014-01-26','\0','\0'),(318,8,'2014-01-26','\0','\0'),(319,8,'2014-01-26','\0','\0'),(320,8,'2014-01-26','\0','\0'),(321,8,'2014-01-26','\0','\0'),(322,8,'2014-01-26','\0','\0'),(323,8,'2014-01-26','\0','\0'),(324,8,'2014-01-26','\0','\0'),(325,8,'2014-01-26','\0','\0'),(326,8,'2014-01-26','\0','\0'),(327,8,'2014-01-26','\0','\0'),(328,8,'2014-01-26','\0','\0'),(329,8,'2014-01-26','\0','\0'),(330,8,'2014-01-26','\0','\0'),(331,8,'2014-01-26','\0','\0'),(332,8,'2014-01-26','\0','\0'),(333,8,'2014-01-26','\0','\0'),(334,8,'2014-01-26','\0','\0'),(335,7,'2014-01-26','\0','\0'),(336,3,'2014-01-26','\0','\0'),(337,6,'2014-01-26','\0','\0'),(338,8,'2014-01-26','\0','\0'),(339,11,'2014-01-26','\0','\0'),(340,8,'2014-01-26','\0','\0'),(341,8,'2014-01-26','\0','\0'),(342,8,'2014-01-26','\0','\0'),(343,8,'2014-01-26','\0','\0'),(344,8,'2014-01-26','\0','\0'),(345,7,'2014-01-26','\0','\0'),(346,7,'2014-01-26','\0','\0'),(347,8,'2014-01-26','\0','\0'),(348,8,'2014-01-26','\0','\0'),(349,7,'2014-01-26','\0','\0'),(350,8,'2014-01-26','\0','\0'),(351,8,'2014-01-26','\0','\0'),(352,8,'2014-01-26','\0','\0'),(353,8,'2014-01-26','\0','\0'),(354,8,'2014-01-26','\0','\0'),(355,8,'2014-01-26','\0','\0'),(356,8,'2014-01-26','\0','\0'),(357,8,'2014-01-26','\0','\0'),(358,8,'2014-01-26','\0','\0'),(359,8,'2014-01-26','\0','\0'),(360,8,'2014-01-26','\0','\0'),(361,8,'2014-01-26','\0','\0'),(362,8,'2014-01-26','\0','\0'),(363,8,'2014-01-26','\0','\0'),(364,8,'2014-01-26','\0','\0'),(365,8,'2014-01-26','\0','\0'),(366,8,'2014-01-27','\0','\0'),(367,8,'2014-01-27','\0','\0'),(370,8,'2014-01-27','\0','\0'),(371,8,'2014-01-29','\0','\0'),(372,8,'2014-02-01','\0','\0'),(373,8,'2014-02-01','\0','\0'),(374,8,'2014-02-01','\0','\0'),(375,8,'2014-02-06','\0','\0'),(376,8,'2014-02-06','\0','\0'),(377,6,'2014-02-06','\0','\0'),(378,8,'2014-03-27','\0','\0'),(379,8,'2014-03-27','\0','\0'),(380,8,'2014-03-28','\0','\0'),(381,8,'2014-03-28','\0','\0'),(382,1,'2014-03-28','\0','\0'),(383,1,'2014-03-28','\0','\0'),(384,7,'2014-03-28','\0','\0'),(385,7,'2014-03-28','\0','\0'),(386,7,'2014-04-08','\0','\0'),(387,7,'2014-04-08','\0','\0'),(388,8,'2014-04-08','\0','\0'),(389,8,'2014-04-08','\0','\0'),(390,8,'2014-04-08','\0','\0'),(391,8,'2014-04-08','\0','\0'),(392,8,'2014-04-08','\0','\0'),(393,8,'2014-05-10','\0','\0'),(394,8,'2014-05-10','\0','\0'),(395,8,'2014-05-10','\0','\0'),(396,8,'2014-05-10','\0','\0'),(397,8,'2014-05-10','\0','\0'),(398,8,'2014-05-10','\0','\0'),(399,8,'2014-05-10','\0','\0'),(400,8,'2014-05-10','\0','\0'),(401,8,'2014-05-10','\0','\0'),(402,8,'2014-05-10','\0','\0'),(403,8,'2014-05-10','\0','\0'),(404,8,'2014-05-10','\0','\0'),(405,8,'2014-05-10','\0','\0'),(406,8,'2014-05-10','\0','\0'),(407,8,'2014-05-10','\0','\0'),(408,8,'2014-05-10','\0','\0'),(409,8,'2014-05-10','','\0'),(410,8,'2014-05-10','','\0'),(411,8,'2014-05-10','\0','\0'),(412,8,'2014-05-10','\0','\0'),(413,8,'2014-05-10','\0','\0'),(414,8,'2014-05-10','\0','\0'),(415,8,'2014-05-10','\0','\0'),(416,8,'2014-05-10','\0','');
/*!40000 ALTER TABLE `tiquet` ENABLE KEYS */;
UNLOCK TABLES;
/*!40103 SET TIME_ZONE=@OLD_TIME_ZONE */;

/*!40101 SET SQL_MODE=@OLD_SQL_MODE */;
/*!40014 SET FOREIGN_KEY_CHECKS=@OLD_FOREIGN_KEY_CHECKS */;
/*!40014 SET UNIQUE_CHECKS=@OLD_UNIQUE_CHECKS */;
/*!40101 SET CHARACTER_SET_CLIENT=@OLD_CHARACTER_SET_CLIENT */;
/*!40101 SET CHARACTER_SET_RESULTS=@OLD_CHARACTER_SET_RESULTS */;
/*!40101 SET COLLATION_CONNECTION=@OLD_COLLATION_CONNECTION */;
/*!40111 SET SQL_NOTES=@OLD_SQL_NOTES */;

-- Dump completed on 2014-05-10 23:42:23
