CREATE DATABASE  IF NOT EXISTS `bar883` /*!40100 DEFAULT CHARACTER SET utf8 */;
USE `bar883`;
-- MySQL dump 10.13  Distrib 5.6.13, for Win32 (x86)
--
-- Host: 127.0.0.1    Database: bar883
-- ------------------------------------------------------
-- Server version	5.1.73-community

/*!40101 SET @OLD_CHARACTER_SET_CLIENT=@@CHARACTER_SET_CLIENT */;
/*!40101 SET @OLD_CHARACTER_SET_RESULTS=@@CHARACTER_SET_RESULTS */;
/*!40101 SET @OLD_COLLATION_CONNECTION=@@COLLATION_CONNECTION */;
/*!40101 SET NAMES utf8 */;
/*!40103 SET @OLD_TIME_ZONE=@@TIME_ZONE */;
/*!40103 SET TIME_ZONE='+00:00' */;
/*!40014 SET @OLD_UNIQUE_CHECKS=@@UNIQUE_CHECKS, UNIQUE_CHECKS=0 */;
/*!40014 SET @OLD_FOREIGN_KEY_CHECKS=@@FOREIGN_KEY_CHECKS, FOREIGN_KEY_CHECKS=0 */;
/*!40101 SET @OLD_SQL_MODE=@@SQL_MODE, SQL_MODE='NO_AUTO_VALUE_ON_ZERO' */;
/*!40111 SET @OLD_SQL_NOTES=@@SQL_NOTES, SQL_NOTES=0 */;

--
-- Table structure for table `linea`
--

DROP TABLE IF EXISTS `linea`;
/*!40101 SET @saved_cs_client     = @@character_set_client */;
/*!40101 SET character_set_client = utf8 */;
CREATE TABLE `linea` (
  `IDL` int(11) NOT NULL AUTO_INCREMENT,
  `IDT` int(11) NOT NULL DEFAULT '0',
  `IDP` int(3) NOT NULL DEFAULT '0',
  `CANTIDAD` int(3) NOT NULL,
  `PRECIO` float(5,2) NOT NULL,
  `Descripcion` varchar(50) DEFAULT NULL,
  PRIMARY KEY (`IDL`,`IDT`,`IDP`),
  KEY `T_fk` (`IDT`),
  KEY `P_fk` (`IDP`),
  CONSTRAINT `P_fk` FOREIGN KEY (`IDP`) REFERENCES `productos` (`IDP`) ON UPDATE CASCADE,
  CONSTRAINT `T_fk` FOREIGN KEY (`IDT`) REFERENCES `tiquet` (`IDT`) ON UPDATE CASCADE
) ENGINE=InnoDB AUTO_INCREMENT=513 DEFAULT CHARSET=utf8;
/*!40101 SET character_set_client = @saved_cs_client */;

--
-- Dumping data for table `linea`
--

LOCK TABLES `linea` WRITE;
/*!40000 ALTER TABLE `linea` DISABLE KEYS */;
INSERT INTO `linea` VALUES (14,123,4,1,1.50,NULL),(15,123,24,1,3.25,NULL),(16,124,4,1,1.50,NULL),(17,124,3,1,1.50,NULL),(18,124,24,1,3.25,NULL),(19,125,4,1,1.50,NULL),(20,125,3,1,1.50,NULL),(21,126,4,1,1.50,NULL),(22,126,3,1,1.50,NULL),(23,127,3,1,1.50,NULL),(24,127,4,1,1.50,NULL),(25,128,4,1,1.50,NULL),(26,128,3,1,1.50,NULL),(27,129,4,1,1.50,NULL),(28,129,3,1,1.50,NULL),(29,130,4,1,1.50,NULL),(30,130,24,1,3.25,NULL),(31,131,3,1,1.50,NULL),(32,131,55,1,1.20,NULL),(33,132,4,1,1.50,NULL),(34,132,55,1,1.20,NULL),(35,133,4,1,1.50,NULL),(36,133,55,1,1.20,NULL),(37,134,4,1,1.50,NULL),(38,134,3,1,1.50,NULL),(39,134,55,1,1.20,NULL),(40,134,55,2,1.20,NULL),(41,135,7,1,1.50,NULL),(42,135,55,1,1.20,NULL),(43,135,54,2,1.10,NULL),(44,136,4,1,1.50,NULL),(45,137,4,1,1.50,NULL),(46,138,1,1,1.50,NULL),(47,138,3,1,1.50,NULL),(48,138,4,1,1.50,NULL),(49,139,7,1,1.50,NULL),(50,140,4,1,1.50,NULL),(51,141,7,1,1.50,NULL),(52,142,4,1,1.50,NULL),(53,143,4,1,1.50,NULL),(54,144,4,1,1.50,NULL),(55,144,3,1,1.50,NULL),(56,145,4,1,1.50,NULL),(57,146,4,1,1.50,NULL),(58,146,3,1,1.50,NULL),(59,146,1,1,1.50,NULL),(60,146,6,1,1.50,NULL),(61,147,7,1,1.50,NULL),(62,147,4,1,1.50,NULL),(63,147,3,1,1.50,NULL),(64,147,6,1,1.50,NULL),(65,148,3,1,1.50,NULL),(66,148,4,1,1.50,NULL),(67,148,7,1,1.50,NULL),(68,148,6,1,1.50,NULL),(69,149,7,1,1.50,NULL),(70,149,4,1,1.50,NULL),(71,149,3,1,1.50,NULL),(72,150,4,1,1.50,NULL),(73,150,3,1,1.50,NULL),(74,151,4,1,1.50,NULL),(75,152,7,1,1.50,NULL),(76,153,3,1,1.50,NULL),(77,154,7,1,1.50,NULL),(78,154,6,1,1.50,NULL),(79,155,7,1,1.50,NULL),(80,156,3,1,1.50,NULL),(81,156,4,1,1.50,NULL),(82,159,4,1,1.50,NULL),(83,159,3,1,1.50,NULL),(84,160,3,1,1.50,NULL),(85,160,4,1,1.50,NULL),(86,161,7,1,1.50,NULL),(87,162,4,1,1.50,NULL),(88,163,4,1,1.50,NULL),(89,163,3,1,1.50,NULL),(90,164,4,1,1.50,NULL),(91,165,3,1,1.50,NULL),(92,166,4,1,1.50,NULL),(93,167,7,1,1.50,NULL),(94,168,1,1,1.50,NULL),(95,169,4,1,1.50,NULL),(96,170,10,1,1.60,NULL),(97,171,4,1,1.50,NULL),(98,171,3,1,1.50,NULL),(99,171,45,1,3.25,NULL),(100,171,48,1,3.25,NULL),(101,172,7,1,1.50,NULL),(102,172,4,1,1.50,NULL),(103,172,48,1,3.25,NULL),(104,172,45,1,3.25,NULL),(105,173,4,1,1.50,NULL),(106,173,3,1,1.50,NULL),(107,173,45,1,3.25,NULL),(108,173,48,1,3.25,NULL),(109,174,7,1,1.50,NULL),(110,174,6,1,1.50,NULL),(111,174,26,1,3.25,NULL),(112,174,45,1,3.25,NULL),(113,175,4,1,1.50,NULL),(114,175,3,1,1.50,NULL),(115,175,45,1,3.25,NULL),(116,175,48,1,3.25,NULL),(117,176,4,1,1.50,NULL),(118,176,7,1,1.50,NULL),(119,176,44,1,4.00,NULL),(120,176,26,1,3.25,NULL),(121,176,32,1,5.00,NULL),(122,177,4,1,1.50,NULL),(123,177,3,1,1.50,NULL),(124,177,26,1,3.25,NULL),(125,177,48,1,3.25,NULL),(126,178,4,1,1.50,NULL),(127,178,45,1,3.25,NULL),(128,178,48,1,3.25,NULL),(129,180,4,1,1.50,NULL),(130,180,3,1,1.50,NULL),(131,180,45,1,3.25,NULL),(132,180,48,1,3.25,NULL),(133,181,7,1,1.50,NULL),(134,181,4,1,1.50,NULL),(135,182,7,1,1.50,NULL),(136,182,6,1,1.50,NULL),(137,183,6,1,1.50,NULL),(138,184,6,1,1.50,NULL),(139,185,51,1,2.75,NULL),(140,185,47,1,3.00,NULL),(141,186,47,1,3.00,NULL),(142,187,37,1,6.00,NULL),(143,188,37,1,6.00,NULL),(144,189,4,1,1.50,NULL),(145,189,47,1,3.00,NULL),(146,190,48,1,3.25,NULL),(147,190,47,1,3.00,NULL),(148,190,55,1,1.20,NULL),(149,191,4,1,1.50,NULL),(150,191,47,1,3.00,NULL),(151,192,7,1,1.50,NULL),(152,192,47,1,3.00,NULL),(153,193,4,1,1.50,NULL),(154,193,45,1,3.25,NULL),(155,194,4,1,1.50,NULL),(156,194,45,1,3.25,NULL),(157,194,47,1,3.00,NULL),(158,195,4,1,1.50,NULL),(159,195,45,1,3.25,NULL),(160,195,47,1,3.00,NULL),(161,196,4,1,1.50,NULL),(162,196,45,1,3.25,NULL),(163,196,47,1,3.00,NULL),(164,197,4,1,1.50,NULL),(165,197,45,1,3.25,NULL),(166,197,47,1,3.00,NULL),(167,198,4,1,1.50,NULL),(168,198,45,1,3.25,NULL),(169,198,47,1,3.00,NULL),(170,200,4,1,1.50,NULL),(171,202,4,1,1.50,NULL),(172,202,3,1,1.50,NULL),(173,203,4,1,1.50,NULL),(174,203,7,1,1.50,NULL),(175,204,7,1,1.50,NULL),(176,204,6,1,1.50,NULL),(177,205,7,1,1.50,NULL),(178,205,4,1,1.50,NULL),(179,205,3,1,1.50,NULL),(180,205,6,1,1.50,NULL),(181,206,7,1,1.50,NULL),(182,207,7,1,1.50,NULL),(183,208,3,1,1.50,NULL),(184,208,4,1,1.50,NULL),(185,208,45,1,3.25,NULL),(186,209,4,1,1.50,NULL),(187,209,3,1,1.50,NULL),(188,209,7,1,1.50,NULL),(189,210,4,1,1.50,NULL),(190,210,3,1,1.50,NULL),(191,211,4,1,1.50,NULL),(192,211,7,1,1.50,NULL),(193,212,7,1,1.50,NULL),(194,212,4,1,1.50,NULL),(195,213,7,1,1.50,NULL),(196,213,4,1,1.50,NULL),(197,214,4,1,1.50,NULL),(198,215,4,1,1.50,NULL),(199,215,3,1,1.50,NULL),(200,216,4,1,1.50,NULL),(201,216,3,1,1.50,NULL),(202,216,7,1,1.50,NULL),(203,216,6,1,1.50,NULL),(204,217,4,1,1.50,NULL),(205,217,3,1,1.50,NULL),(206,217,7,1,1.50,NULL),(207,218,4,1,1.50,NULL),(208,218,3,1,1.50,NULL),(209,218,7,1,1.50,NULL),(210,218,6,1,1.50,NULL),(211,219,7,1,1.50,NULL),(212,219,4,1,1.50,NULL),(213,220,7,1,1.50,NULL),(214,220,4,1,1.50,NULL),(215,221,4,1,1.50,NULL),(216,221,3,1,1.50,NULL),(217,222,7,1,1.50,NULL),(218,222,4,1,1.50,NULL),(219,223,6,1,1.50,NULL),(220,223,7,1,1.50,NULL),(221,224,7,1,1.50,NULL),(222,225,4,1,1.50,NULL),(223,225,3,1,1.50,NULL),(224,226,4,1,1.50,NULL),(225,226,3,1,1.50,NULL),(226,227,7,1,1.50,NULL),(227,227,4,1,1.50,NULL),(228,228,4,1,1.50,NULL),(229,229,7,1,1.50,NULL),(230,229,4,1,1.50,NULL),(231,230,7,1,1.50,NULL),(232,230,4,1,1.50,NULL),(233,231,4,1,1.50,NULL),(234,231,3,1,1.50,NULL),(235,232,4,1,1.50,NULL),(236,232,3,1,1.50,NULL),(237,233,4,1,1.50,NULL),(238,233,7,1,1.50,NULL),(239,234,4,1,1.50,NULL),(240,234,7,1,1.50,NULL),(241,236,4,1,1.50,NULL),(242,237,4,1,1.50,NULL),(243,238,7,1,1.50,NULL),(244,238,4,1,1.50,NULL),(245,239,7,1,1.50,NULL),(246,239,4,1,1.50,NULL),(247,240,7,1,1.50,NULL),(248,240,4,1,1.50,NULL),(249,241,10,1,1.60,NULL),(250,241,7,1,1.50,NULL),(251,242,4,1,1.50,NULL),(252,242,7,1,1.50,NULL),(253,243,4,1,1.50,NULL),(254,243,3,1,1.50,NULL),(255,244,44,1,4.00,NULL),(256,244,45,1,3.25,NULL),(257,244,1,1,1.50,NULL),(258,245,55,1,1.20,NULL),(259,245,54,1,1.10,NULL),(260,245,2,1,1.00,NULL),(261,246,4,1,1.50,NULL),(262,246,3,1,1.50,NULL),(263,247,4,1,1.50,NULL),(264,247,7,1,1.50,NULL),(265,248,4,1,1.50,NULL),(266,248,7,1,1.50,NULL),(267,249,44,1,4.00,NULL),(268,249,45,1,3.25,NULL),(269,250,4,1,1.50,NULL),(270,250,3,1,1.50,NULL),(271,250,44,1,4.00,NULL),(272,250,45,1,3.25,NULL),(273,251,4,1,1.50,NULL),(274,251,3,1,1.50,NULL),(275,251,44,1,4.00,NULL),(276,251,45,1,3.25,NULL),(277,252,4,1,1.50,NULL),(278,252,3,1,1.50,NULL),(279,252,44,1,4.00,NULL),(280,253,4,1,1.50,NULL),(281,253,3,1,1.50,NULL),(282,253,45,1,3.25,NULL),(283,253,44,1,4.00,NULL),(284,254,4,1,1.50,NULL),(285,254,3,1,1.50,NULL),(286,254,44,1,4.00,NULL),(287,254,45,1,3.25,NULL),(288,255,4,1,1.50,NULL),(289,255,3,1,1.50,NULL),(290,255,44,1,4.00,NULL),(291,255,45,1,3.25,NULL),(292,256,4,1,1.50,NULL),(293,256,3,1,1.50,NULL),(294,256,45,1,3.25,NULL),(295,256,44,1,4.00,NULL),(296,257,4,1,1.50,NULL),(297,257,3,1,1.50,NULL),(298,257,45,1,3.25,NULL),(299,257,44,1,4.00,NULL),(300,258,7,1,1.50,NULL),(301,258,4,1,1.50,NULL),(302,259,7,1,1.50,NULL),(303,260,7,1,1.50,NULL),(304,261,10,1,1.60,NULL),(305,262,4,1,1.50,NULL),(306,262,3,1,1.50,NULL),(307,263,4,1,1.50,NULL),(308,263,7,1,1.50,NULL),(309,264,4,1,1.50,NULL),(310,264,3,1,1.50,NULL),(311,265,7,1,1.50,NULL),(312,265,4,1,1.50,NULL),(313,266,3,1,1.50,NULL),(314,266,1,1,1.50,NULL),(315,267,4,1,1.50,NULL),(316,267,3,1,1.50,NULL),(317,267,44,1,4.00,NULL),(318,267,45,1,3.25,NULL),(319,268,4,1,1.50,NULL),(320,268,3,1,1.50,NULL),(321,268,45,1,3.25,NULL),(322,268,44,1,4.00,NULL),(323,269,4,1,1.50,NULL),(324,269,3,1,1.50,NULL),(325,270,4,1,1.50,NULL),(326,270,3,1,1.50,NULL),(327,271,4,1,1.50,NULL),(328,272,4,1,1.50,NULL),(329,272,7,1,1.50,NULL),(330,272,3,1,1.50,NULL),(331,273,7,1,1.50,NULL),(332,274,4,1,1.50,NULL),(333,275,4,1,1.50,NULL),(334,275,3,1,1.50,NULL),(335,276,3,1,1.50,NULL),(336,276,4,1,1.50,NULL),(337,277,6,1,1.50,NULL),(338,278,7,1,1.50,NULL),(339,278,4,1,1.50,NULL),(340,279,7,1,1.50,NULL),(341,279,1,2,1.50,NULL),(342,280,4,1,1.50,NULL),(343,280,3,1,1.50,NULL),(344,281,1,1,1.50,NULL),(345,281,3,1,1.50,NULL),(346,281,6,1,1.50,NULL),(347,281,44,1,4.00,NULL),(348,281,43,1,3.50,NULL),(349,282,4,1,1.50,NULL),(350,283,3,1,1.50,NULL),(351,283,1,1,1.50,NULL),(352,283,54,1,1.10,NULL),(353,283,44,1,4.00,NULL),(354,286,3,1,1.50,NULL),(355,293,15,1,1.20,'Quinto Estrella Galicia '),(356,293,17,1,2.50,'Doble Estrella Galicia 1906'),(357,295,15,1,1.20,'Quinto Estrella Galicia '),(358,296,17,1,2.50,'Doble Estrella Galicia 1906'),(359,296,19,1,1.20,'Quinto Amstel'),(360,297,19,1,1.20,'Quinto Amstel'),(361,297,17,1,2.50,'Doble Estrella Galicia 1906'),(362,297,15,1,1.20,'Quinto Estrella Galicia '),(363,297,13,1,1.40,'Tercio Estrella Galicia'),(364,297,12,1,1.20,'Caña Estrella Galicia'),(365,297,14,1,1.50,'Doble Estrella Galicia'),(366,297,16,1,2.00,'Caña Estrella Galicia 1906'),(367,298,15,1,1.20,'Quinto Estrella Galicia '),(368,298,17,1,2.50,'Doble Estrella Galicia 1906'),(369,299,13,1,1.40,'Tercio Estrella Galicia'),(370,299,15,1,1.20,'Quinto Estrella Galicia '),(371,299,17,1,2.50,'Doble Estrella Galicia 1906'),(372,299,19,4,1.20,'Quinto Amstel'),(373,300,13,1,1.40,'Tercio Estrella Galicia'),(374,300,15,1,1.20,'Quinto Estrella Galicia '),(375,300,17,1,2.50,'Doble Estrella Galicia 1906'),(376,301,15,1,1.20,'Quinto Estrella Galicia '),(377,301,14,1,1.50,'Doble Estrella Galicia'),(378,302,13,1,1.40,'Tercio Estrella Galicia'),(379,302,15,1,1.20,'Quinto Estrella Galicia '),(380,303,13,1,1.40,'Tercio Estrella Galicia'),(381,303,15,1,1.20,'Quinto Estrella Galicia '),(382,303,17,1,2.50,'Doble Estrella Galicia 1906'),(383,306,19,1,1.20,'Quinto Amstel'),(384,306,17,1,2.50,'Doble Estrella Galicia 1906'),(385,307,15,1,1.20,'Quinto Estrella Galicia '),(386,307,19,1,1.20,'Quinto Amstel'),(387,308,19,1,1.20,'Quinto Amstel'),(388,308,17,1,2.50,'Doble Estrella Galicia 1906'),(389,309,19,1,1.20,'Quinto Amstel'),(390,309,17,1,2.50,'Doble Estrella Galicia 1906'),(391,310,16,1,2.00,'Caña Estrella Galicia 1906'),(392,310,17,1,2.50,'Doble Estrella Galicia 1906'),(393,310,19,1,1.20,'Quinto Amstel'),(394,311,21,1,8.00,'Vino Viña Turquesa'),(395,312,19,1,1.20,'Quinto Amstel'),(396,312,17,1,2.50,'Doble Estrella Galicia 1906'),(397,313,13,1,1.40,'Tercio Estrella Galicia'),(398,313,15,1,1.20,'Quinto Estrella Galicia '),(399,315,19,1,1.20,'Quinto Amstel'),(400,315,17,1,2.50,'Doble Estrella Galicia 1906'),(401,316,13,1,1.40,'Tercio Estrella Galicia'),(402,316,15,1,1.20,'Quinto Estrella Galicia '),(403,317,13,1,1.40,'Tercio Estrella Galicia'),(404,317,15,1,1.20,'Quinto Estrella Galicia '),(405,318,19,1,1.20,'Quinto Amstel'),(406,318,17,1,2.50,'Doble Estrella Galicia 1906'),(407,319,13,1,1.40,'Tercio Estrella Galicia'),(408,319,13,1,1.40,'Tercio Estrella Galicia'),(409,319,13,1,1.40,'Tercio Estrella Galicia'),(410,320,13,1,1.40,'Tercio Estrella Galicia'),(411,320,13,1,1.40,'Tercio Estrella Galicia'),(412,320,13,1,1.40,'Tercio Estrella Galicia'),(413,321,17,1,2.50,'Doble Estrella Galicia 1906'),(414,321,15,1,1.20,'Quinto Estrella Galicia '),(415,322,13,1,1.40,'Tercio Estrella Galicia'),(416,322,19,1,1.20,'Quinto Amstel'),(417,323,17,1,2.50,'Doble Estrella Galicia 1906'),(418,324,13,1,1.40,'Tercio Estrella Galicia'),(419,324,15,1,1.20,'Quinto Estrella Galicia '),(420,325,13,1,1.40,'Tercio Estrella Galicia'),(421,326,13,1,1.40,'Tercio Estrella Galicia'),(422,327,13,1,1.40,'Tercio Estrella Galicia'),(423,327,15,1,1.20,'Quinto Estrella Galicia '),(424,327,17,1,2.50,'Doble Estrella Galicia 1906'),(425,328,13,1,1.40,'Tercio Estrella Galicia'),(426,328,15,1,1.20,'Quinto Estrella Galicia '),(427,328,17,1,2.50,'Doble Estrella Galicia 1906'),(428,328,15,1,1.20,'Quinto Estrella Galicia '),(429,328,13,1,1.40,'Tercio Estrella Galicia'),(430,329,15,1,1.20,'Quinto Estrella Galicia '),(431,329,13,1,1.40,'Tercio Estrella Galicia'),(432,329,17,1,2.50,'Doble Estrella Galicia 1906'),(433,330,15,1,1.20,'Quinto Estrella Galicia '),(434,330,17,1,2.50,'Doble Estrella Galicia 1906'),(435,331,15,1,1.20,'Quinto Estrella Galicia '),(436,331,17,1,2.50,'Doble Estrella Galicia 1906'),(437,331,19,1,1.20,'Quinto Amstel'),(438,332,13,1,1.40,'Tercio Estrella Galicia'),(439,333,13,1,1.40,'Tercio Estrella Galicia'),(440,333,15,1,1.20,'Quinto Estrella Galicia '),(441,334,13,1,1.40,'Tercio Estrella Galicia'),(442,334,15,1,1.20,'Quinto Estrella Galicia '),(443,334,17,1,2.50,'Doble Estrella Galicia 1906'),(444,335,13,1,1.40,'Tercio Estrella Galicia'),(445,336,13,1,1.40,'Tercio Estrella Galicia'),(446,336,15,1,1.20,'Quinto Estrella Galicia '),(447,336,17,1,2.50,'Doble Estrella Galicia 1906'),(448,337,17,1,2.50,'Doble Estrella Galicia 1906'),(449,337,19,2,1.20,'Quinto Amstel'),(450,337,44,1,4.00,'Brascada'),(451,337,44,1,4.00,'Brascada'),(452,338,17,11,2.50,'Doble Estrella Galicia 1906'),(453,338,17,1,2.50,'Doble Estrella Galicia 1906'),(454,339,25,9,3.75,'Calamares'),(455,342,15,1,1.20,'Quinto Estrella Galicia '),(456,342,17,1,2.50,'Doble Estrella Galicia 1906'),(457,342,19,1,1.20,'Quinto Amstel'),(458,344,15,1,1.20,'Quinto Estrella Galicia '),(459,344,17,1,2.50,'Doble Estrella Galicia 1906'),(460,345,17,1,2.50,'Doble Estrella Galicia 1906'),(461,347,15,1,1.20,'Quinto Estrella Galicia '),(462,348,15,1,1.20,'Quinto Estrella Galicia '),(463,348,13,1,1.40,'Tercio Estrella Galicia'),(464,349,15,1,1.20,'Quinto Estrella Galicia '),(465,349,17,1,2.50,'Doble Estrella Galicia 1906'),(466,350,13,1,1.40,'Tercio Estrella Galicia'),(467,350,13,1,1.40,'Tercio Estrella Galicia'),(468,350,13,1,1.40,'Tercio Estrella Galicia'),(469,350,13,1,1.40,'Tercio Estrella Galicia'),(470,350,13,1,1.40,'Tercio Estrella Galicia'),(471,351,13,1,1.40,'Tercio Estrella Galicia'),(472,351,15,1,1.20,'Quinto Estrella Galicia '),(473,352,17,1,2.50,'Doble Estrella Galicia 1906'),(474,353,13,1,1.40,'Tercio Estrella Galicia'),(475,353,15,1,1.20,'Quinto Estrella Galicia '),(476,353,17,1,2.50,'Doble Estrella Galicia 1906'),(477,353,19,1,1.20,'Quinto Amstel'),(478,354,15,1,1.20,'Quinto Estrella Galicia '),(479,354,17,1,2.50,'Doble Estrella Galicia 1906'),(480,355,13,1,1.40,'Tercio Estrella Galicia'),(481,355,15,1,1.20,'Quinto Estrella Galicia '),(482,356,13,1,1.40,'Tercio Estrella Galicia'),(483,356,12,1,1.20,'Caña Estrella Galicia'),(484,357,12,1,1.20,'Caña Estrella Galicia'),(485,357,14,1,1.50,'Doble Estrella Galicia'),(486,357,16,1,2.00,'Caña Estrella Galicia 1906'),(487,358,13,1,1.40,'Tercio Estrella Galicia'),(488,358,12,1,1.20,'Caña Estrella Galicia'),(489,358,14,1,1.50,'Doble Estrella Galicia'),(490,359,18,1,1.20,'Quinto Heineken'),(491,359,14,1,1.50,'Doble Estrella Galicia'),(492,360,17,1,2.50,'Doble Estrella Galicia 1906'),(493,360,15,1,1.20,'Quinto Estrella Galicia '),(494,360,16,1,2.00,'Caña Estrella Galicia 1906'),(495,361,13,1,1.40,'Tercio Estrella Galicia'),(496,361,15,1,1.20,'Quinto Estrella Galicia '),(497,362,16,1,2.00,'Caña Estrella Galicia 1906'),(498,362,14,1,1.50,'Doble Estrella Galicia'),(499,363,13,1,1.40,'Tercio Estrella Galicia'),(500,363,17,1,2.50,'Doble Estrella Galicia 1906'),(501,363,15,1,1.20,'Quinto Estrella Galicia '),(502,364,17,1,2.50,'Doble Estrella Galicia 1906'),(503,365,13,1,1.40,'Tercio Estrella Galicia'),(504,366,43,1,3.50,'Chivito'),(505,366,44,1,4.00,'Brascada'),(506,367,43,1,3.50,'Chivito'),(507,367,45,1,3.25,'Almusafes'),(508,367,47,1,3.00,'Tortilla francesa con tomate rallado'),(509,370,15,1,1.20,'Quinto Estrella Galicia '),(510,371,13,1,1.40,'Tercio Estrella Galicia'),(511,371,15,1,1.20,'Quinto Estrella Galicia '),(512,371,43,1,3.50,'Chivito');
/*!40000 ALTER TABLE `linea` ENABLE KEYS */;
UNLOCK TABLES;

--
-- Table structure for table `mesas`
--

DROP TABLE IF EXISTS `mesas`;
/*!40101 SET @saved_cs_client     = @@character_set_client */;
/*!40101 SET character_set_client = utf8 */;
CREATE TABLE `mesas` (
  `IDM` int(11) NOT NULL AUTO_INCREMENT,
  `DESCRIPCION` varchar(50) DEFAULT NULL,
  PRIMARY KEY (`IDM`)
) ENGINE=InnoDB AUTO_INCREMENT=15 DEFAULT CHARSET=utf8;
/*!40101 SET character_set_client = @saved_cs_client */;

--
-- Dumping data for table `mesas`
--

LOCK TABLES `mesas` WRITE;
/*!40000 ALTER TABLE `mesas` DISABLE KEYS */;
INSERT INTO `mesas` VALUES (1,'Mesa 1'),(2,'Mesa 2'),(3,'Mesa 3'),(4,'Mesa 4'),(5,'Mesa 5'),(6,'Mesa 6'),(7,'Mesa 7'),(8,'Mesa 8'),(9,'Terraza 1'),(10,'Terraza 2'),(11,'Terraza 3'),(12,'Terraza 4'),(13,'Terraza 5'),(14,'Terraza 6');
/*!40000 ALTER TABLE `mesas` ENABLE KEYS */;
UNLOCK TABLES;

--
-- Table structure for table `pedidos`
--

DROP TABLE IF EXISTS `pedidos`;
/*!40101 SET @saved_cs_client     = @@character_set_client */;
/*!40101 SET character_set_client = utf8 */;
CREATE TABLE `pedidos` (
  `IDT` int(11) NOT NULL,
  `IDM` int(11) NOT NULL,
  `CANTIDAD` int(3) DEFAULT NULL,
  `DESCRIPCION` varchar(50) NOT NULL,
  `IDL` int(11) NOT NULL AUTO_INCREMENT,
  PRIMARY KEY (`IDT`,`IDM`,`IDL`),
  KEY `FK_Linea_idx` (`IDL`),
  KEY `FK_Tiquet2_idx` (`IDM`),
  CONSTRAINT `FK_Tiquet2` FOREIGN KEY (`IDM`) REFERENCES `mesas` (`IDM`) ON DELETE NO ACTION ON UPDATE NO ACTION
) ENGINE=InnoDB DEFAULT CHARSET=utf8;
/*!40101 SET character_set_client = @saved_cs_client */;

--
-- Dumping data for table `pedidos`
--

LOCK TABLES `pedidos` WRITE;
/*!40000 ALTER TABLE `pedidos` DISABLE KEYS */;
/*!40000 ALTER TABLE `pedidos` ENABLE KEYS */;
UNLOCK TABLES;

--
-- Table structure for table `productos`
--

DROP TABLE IF EXISTS `productos`;
/*!40101 SET @saved_cs_client     = @@character_set_client */;
/*!40101 SET character_set_client = utf8 */;
CREATE TABLE `productos` (
  `IDP` int(3) NOT NULL AUTO_INCREMENT,
  `DESCRIPCION` varchar(50) DEFAULT NULL,
  `PRECIO` float(5,2) DEFAULT NULL,
  `FAMILIA` varchar(50) DEFAULT NULL,
  `IMAGEN` varchar(150) DEFAULT NULL,
  PRIMARY KEY (`IDP`)
) ENGINE=InnoDB AUTO_INCREMENT=58 DEFAULT CHARSET=utf8;
/*!40101 SET character_set_client = @saved_cs_client */;

--
-- Dumping data for table `productos`
--

LOCK TABLES `productos` WRITE;
/*!40000 ALTER TABLE `productos` DISABLE KEYS */;
INSERT INTO `productos` VALUES (1,'Coca-Cola',1.50,'refrescos','imagenes/cola3.jpg'),(2,'cafe',1.00,'cafes','imagenes/cafe.jpg'),(3,'TrinaN',1.50,'refrescos','imagenes/trina.jpg'),(4,'FantaN',1.50,'refrescos','imagenes/fantaN.jpg'),(5,'FantaL',1.50,'refrescos','imagenes/fantaL.jpg'),(6,'Coca-Cola Zero',1.50,'refrescos','imagenes/colaZ.jpg'),(7,'TrinaL',1.50,'refrescos','imagenes/trinaL.jpg'),(8,'Nestea',1.50,'refrescos','imagenes/nestea.jpg'),(9,'Bitter kas',1.60,'refrescos','imagenes/bitter.jpg'),(10,'Acuarious',1.60,'refrescos','imagenes/a.jpg'),(11,'Tonica',1.60,'refrescos','imagenes/tonica.jpg'),(12,'Caña Estrella Galicia',1.20,'alcohol','imagenes/e.jpg'),(13,'Tercio Estrella Galicia',1.40,'alcohol','imagenes/te.jpg'),(14,'Doble Estrella Galicia',1.50,'alcohol','imagenes/de.jpg'),(15,'Quinto Estrella Galicia ',1.20,'alcohol','imagenes/qe.jpg'),(16,'Caña Estrella Galicia 1906',2.00,'alcohol','imagenes/es.jpg'),(17,'Doble Estrella Galicia 1906',2.50,'alcohol','imagenes/es.jpg'),(18,'Quinto Heineken',1.20,'alcohol','imagenes/h.jpg'),(19,'Quinto Amstel',1.20,'alcohol','imagenes/am.jpg'),(20,'Tercio Amstel',1.30,'alcohol','imagenes/am.jpg'),(21,'Vino Viña Turquesa',8.00,'alcohol','imagenes/vt.jpg'),(22,'Vino Sangre de Guida',6.00,'alcohol','imagenes/vs.jpg'),(23,'Vino de la casa Viñadela',4.50,'alcohol','imagenes/va.jpg'),(24,'Bravas',3.25,'tapas','imagenes/bravas.jpg'),(25,'Calamares',3.75,'tapas','imagenes/calamares.jpg'),(26,'Chistorra con patatas',3.25,'tapas','imagenes/chp.jpg'),(27,'Bacon,huevo y patatas',3.25,'tapas','imagenes/bhp.jpg'),(28,'Longanizas con pimiento',3.50,'tapas','imagenes/lp.jpg'),(29,'Puntilla',4.00,'tapas','imagenes/pun.jpg'),(30,'Montaditos variados',4.00,'tapas','imagenes/m.jpg'),(31,'Aros de cebolla',3.00,'tapas','imagenes/aros.jpg'),(32,'Queso fresco con anchoas',5.00,'tapas','imagenes/q.jpg'),(33,'Boquerones fritos',3.50,'tapas','imagenes/b.jpeg'),(34,'Champiñon a la plancha',3.00,'tapas','imagenes/c.jpg'),(35,'Pechuga,huevo y patatas',5.50,'platos','imagenes/php.jpg'),(36,'Lomo,ensalada y huevo frito',5.50,'platos','imagenes/leh.jpg'),(37,'Ternera,pimientos y patatas',6.00,'platos','imagenes/tpp.jpg'),(38,'Pares',4.00,'platos','imagenes/pares.jpg'),(39,'Secretos',5.50,'platos','imagenes/secretos.jpg'),(40,'Pares y secreto',8.50,'platos','imagenes/pys.jpg'),(41,'Ensalada 883',4.25,'platos','imagenes/en.jpg'),(42,'Hamburguesa 1/4Libra',5.50,'platos','imagenes/ha.jpg'),(43,'Chivito',3.50,'bocadillos','imagenes/ch.jpg'),(44,'Brascada',4.00,'bocadillos','imagenes/br.jpg'),(45,'Almusafes',3.25,'bocadillos','imagenes/al.jpg'),(46,'Embutido',3.50,'bocadillos','imagenes/em.jpg'),(47,'Tortilla francesa con tomate rallado',3.00,'bocadillos','imagenes/tf.jpg'),(48,'Tortilla de patatas',3.25,'bocadillos','imagenes/tp.jpg'),(49,'Sandwitch mixto',2.50,'bocadillos','imagenes/sm.jpg'),(50,'Sandwitch vegetal',3.50,'bocadillos','imagenes/sg.jpg'),(51,'Sandwitch bacon y queso',2.75,'bocadillos','imagenes/sb.jpg'),(52,'Tarta de queso y arandanos',3.00,'postres','imagenes/ta.jpg'),(53,'Tarta de chocolate',3.00,'postres','imagenes/tc.jpg'),(54,'Cortado',1.10,'cafes','imagenes/cortado.jpg'),(55,'Cafe con leche',1.20,'cafes','imagenes/cl.jpg'),(56,'Bombon',1.30,'cafes','imagenes/bombon.png'),(57,'Carajillo',1.30,'cafes','imagenes/carajillo.jpeg');
/*!40000 ALTER TABLE `productos` ENABLE KEYS */;
UNLOCK TABLES;

--
-- Table structure for table `registro`
--

DROP TABLE IF EXISTS `registro`;
/*!40101 SET @saved_cs_client     = @@character_set_client */;
/*!40101 SET character_set_client = utf8 */;
CREATE TABLE `registro` (
  `COD` int(4) NOT NULL AUTO_INCREMENT,
  `ID` int(3) DEFAULT NULL,
  `PRODUCTO` varchar(50) DEFAULT NULL,
  `PRECIO` float(5,2) DEFAULT NULL,
  `CANTIDAD` int(3) DEFAULT NULL,
  `TOTAL` float(5,2) DEFAULT NULL,
  `FECHA` date DEFAULT NULL,
  PRIMARY KEY (`COD`)
) ENGINE=InnoDB AUTO_INCREMENT=441 DEFAULT CHARSET=utf8;
/*!40101 SET character_set_client = @saved_cs_client */;

--
-- Dumping data for table `registro`
--

LOCK TABLES `registro` WRITE;
/*!40000 ALTER TABLE `registro` DISABLE KEYS */;
INSERT INTO `registro` VALUES (94,4,'FantaN',1.50,1,1.50,'2013-08-14'),(95,24,'Bravas',3.25,1,3.25,'2013-08-14'),(96,4,'FantaN',1.50,1,1.50,'2013-08-14'),(97,3,'TrinaN',1.50,1,1.50,'2013-08-14'),(98,24,'Bravas',3.25,1,3.25,'2013-08-14'),(99,4,'FantaN',1.50,1,1.50,'2013-08-14'),(100,3,'TrinaN',1.50,1,1.50,'2013-08-14'),(101,4,'FantaN',1.50,1,1.50,'2013-08-14'),(102,3,'TrinaN',1.50,1,1.50,'2013-08-14'),(103,3,'TrinaN',1.50,1,1.50,'2013-08-14'),(104,4,'FantaN',1.50,1,1.50,'2013-08-14'),(105,4,'FantaN',1.50,1,1.50,'2013-08-14'),(106,3,'TrinaN',1.50,1,1.50,'2013-08-14'),(107,4,'FantaN',1.50,1,1.50,'2013-08-14'),(108,3,'TrinaN',1.50,1,1.50,'2013-08-14'),(109,4,'FantaN',1.50,1,1.50,'2013-08-14'),(110,24,'Bravas',3.25,1,3.25,'2013-08-14'),(111,3,'TrinaN',1.50,1,1.50,'2013-08-14'),(112,55,'Cafe con leche',1.20,1,1.30,'2013-08-14'),(113,4,'FantaN',1.50,1,1.50,'2013-08-14'),(114,55,'Cafe con leche',1.20,1,1.30,'2013-08-14'),(115,4,'FantaN',1.50,1,1.50,'2013-08-14'),(116,55,'Cafe con leche',1.20,1,1.30,'2013-08-14'),(117,4,'FantaN',1.50,1,1.50,'2013-08-14'),(118,3,'TrinaN',1.50,1,1.50,'2013-08-14'),(119,55,'Cafe con leche',1.20,1,1.30,'2013-08-14'),(120,55,'Cafe con leche',1.20,2,2.50,'2013-08-14'),(121,7,'TrinaL',1.50,1,1.50,'2013-08-14'),(122,55,'Cafe con leche',1.20,1,1.30,'2013-08-14'),(123,54,'Cortado',1.10,2,2.20,'2013-08-14'),(124,4,'FantaN',1.50,1,1.50,'2013-08-16'),(125,4,'FantaN',1.50,1,1.50,'2013-08-16'),(126,1,'Coca-Cola',1.50,1,1.50,'2013-08-16'),(127,3,'TrinaN',1.50,1,1.50,'2013-08-16'),(128,4,'FantaN',1.50,1,1.50,'2013-08-16'),(129,7,'TrinaL',1.50,1,1.50,'2013-08-16'),(130,4,'FantaN',1.50,1,1.50,'2013-08-16'),(131,7,'TrinaL',1.50,1,1.50,'2013-08-16'),(132,4,'FantaN',1.50,1,1.50,'2013-08-16'),(133,4,'FantaN',1.50,1,1.50,'2013-08-16'),(134,4,'FantaN',1.50,1,1.50,'2013-08-16'),(135,3,'TrinaN',1.50,1,1.50,'2013-08-16'),(136,4,'FantaN',1.50,1,1.50,'2013-08-16'),(137,4,'FantaN',1.50,1,1.50,'2013-08-23'),(138,3,'TrinaN',1.50,1,1.50,'2013-08-23'),(139,1,'Coca-Cola',1.50,1,1.50,'2013-08-23'),(140,6,'Coca-Cola Zero',1.50,1,1.50,'2013-08-23'),(141,7,'TrinaL',1.50,1,1.50,'2013-08-23'),(142,4,'FantaN',1.50,1,1.50,'2013-08-23'),(143,3,'TrinaN',1.50,1,1.50,'2013-08-23'),(144,6,'Coca-Cola Zero',1.50,1,1.50,'2013-08-23'),(145,3,'TrinaN',1.50,1,1.50,'2013-08-23'),(146,4,'FantaN',1.50,1,1.50,'2013-08-23'),(147,7,'TrinaL',1.50,1,1.50,'2013-08-23'),(148,6,'Coca-Cola Zero',1.50,1,1.50,'2013-08-23'),(149,7,'TrinaL',1.50,1,1.50,'2013-08-23'),(150,4,'FantaN',1.50,1,1.50,'2013-08-23'),(151,3,'TrinaN',1.50,1,1.50,'2013-08-23'),(152,4,'FantaN',1.50,1,1.50,'2013-08-23'),(153,3,'TrinaN',1.50,1,1.50,'2013-08-23'),(154,4,'FantaN',1.50,1,1.50,'2013-08-23'),(155,7,'TrinaL',1.50,1,1.50,'2013-08-23'),(156,3,'TrinaN',1.50,1,1.50,'2013-08-23'),(157,7,'TrinaL',1.50,1,1.50,'2013-08-23'),(158,6,'Coca-Cola Zero',1.50,1,1.50,'2013-08-23'),(159,7,'TrinaL',1.50,1,1.50,'2013-08-23'),(160,3,'TrinaN',1.50,1,1.50,'2013-08-23'),(161,4,'FantaN',1.50,1,1.50,'2013-08-23'),(162,4,'FantaN',1.50,1,1.50,'2013-08-23'),(163,3,'TrinaN',1.50,1,1.50,'2013-08-23'),(164,3,'TrinaN',1.50,1,1.50,'2013-08-23'),(165,4,'FantaN',1.50,1,1.50,'2013-08-23'),(166,7,'TrinaL',1.50,1,1.50,'2013-08-23'),(167,4,'FantaN',1.50,1,1.50,'2013-08-23'),(168,4,'FantaN',1.50,1,1.50,'2013-08-23'),(169,3,'TrinaN',1.50,1,1.50,'2013-08-23'),(170,4,'FantaN',1.50,1,1.50,'2013-08-23'),(171,3,'TrinaN',1.50,1,1.50,'2013-08-23'),(172,4,'FantaN',1.50,1,1.50,'2013-08-23'),(173,7,'TrinaL',1.50,1,1.50,'2013-08-23'),(174,1,'Coca-Cola',1.50,1,1.50,'2013-08-23'),(175,4,'FantaN',1.50,1,1.50,'2013-08-23'),(176,10,'Acuarious',1.60,1,1.60,'2013-08-23'),(177,NULL,NULL,NULL,NULL,1.00,'2013-08-23'),(178,4,'FantaN',1.50,1,1.50,'2013-08-23'),(179,3,'TrinaN',1.50,1,1.50,'2013-08-23'),(180,45,'Almusafes',3.25,1,3.25,'2013-08-23'),(181,48,'Tortilla de patatas',3.25,1,3.25,'2013-08-23'),(182,7,'TrinaL',1.50,1,1.50,'2013-08-23'),(183,4,'FantaN',1.50,1,1.50,'2013-08-23'),(184,48,'Tortilla de patatas',3.25,1,3.25,'2013-08-23'),(185,45,'Almusafes',3.25,1,3.25,'2013-08-23'),(186,4,'FantaN',1.50,1,1.50,'2013-08-23'),(187,3,'TrinaN',1.50,1,1.50,'2013-08-23'),(188,45,'Almusafes',3.25,1,3.25,'2013-08-23'),(189,48,'Tortilla de patatas',3.25,1,3.25,'2013-08-23'),(190,7,'TrinaL',1.50,1,1.50,'2013-08-23'),(191,6,'Coca-Cola Zero',1.50,1,1.50,'2013-08-23'),(192,26,'Chistorra con patatas',3.25,1,3.25,'2013-08-23'),(193,45,'Almusafes',3.25,1,3.25,'2013-08-23'),(194,4,'FantaN',1.50,1,1.50,'2013-08-23'),(195,3,'TrinaN',1.50,1,1.50,'2013-08-23'),(196,45,'Almusafes',3.25,1,3.25,'2013-08-23'),(197,48,'Tortilla de patatas',3.25,1,3.25,'2013-08-23'),(198,4,'FantaN',1.50,1,1.50,'2013-08-23'),(199,7,'TrinaL',1.50,1,1.50,'2013-08-23'),(200,44,'Brascada',4.00,1,4.00,'2013-08-23'),(201,26,'Chistorra con patatas',3.25,1,3.25,'2013-08-23'),(202,32,'Queso fresco con anchoas',5.00,1,5.00,'2013-08-23'),(203,4,'FantaN',1.50,1,1.50,'2013-08-23'),(204,3,'TrinaN',1.50,1,1.50,'2013-08-23'),(205,26,'Chistorra con patatas',3.25,1,3.25,'2013-08-23'),(206,48,'Tortilla de patatas',3.25,1,3.25,'2013-08-23'),(207,4,'FantaN',1.50,1,1.50,'2013-08-23'),(208,45,'Almusafes',3.25,1,3.25,'2013-08-23'),(209,48,'Tortilla de patatas',3.25,1,3.25,'2013-08-23'),(210,NULL,NULL,NULL,NULL,1.00,'2013-08-23'),(211,4,'FantaN',1.50,1,1.50,'2013-08-23'),(212,3,'TrinaN',1.50,1,1.50,'2013-08-23'),(213,45,'Almusafes',3.25,1,3.25,'2013-08-23'),(214,48,'Tortilla de patatas',3.25,1,3.25,'2013-08-23'),(215,7,'TrinaL',1.50,1,1.50,'2013-08-23'),(216,4,'FantaN',1.50,1,1.50,'2013-08-23'),(217,7,'TrinaL',1.50,1,1.50,'2013-08-23'),(218,6,'Coca-Cola Zero',1.50,1,1.50,'2013-08-23'),(219,6,'Coca-Cola Zero',1.50,1,1.50,'2013-08-23'),(220,6,'Coca-Cola Zero',1.50,1,1.50,'2013-08-23'),(221,51,'Sandwitch bacon y queso',2.75,1,2.75,'2013-08-23'),(222,47,'Tortilla francesa con tomate rallado',3.00,1,3.00,'2013-08-23'),(223,47,'Tortilla francesa con tomate rallado',3.00,1,3.00,'2013-08-23'),(224,37,'Ternera,pimientos y patatas',6.00,1,6.00,'2013-08-23'),(225,37,'Ternera,pimientos y patatas',6.00,1,6.00,'2013-08-23'),(226,4,'FantaN',1.50,1,1.50,'2013-08-23'),(227,47,'Tortilla francesa con tomate rallado',3.00,1,3.00,'2013-08-23'),(228,48,'Tortilla de patatas',3.25,1,3.25,'2013-08-23'),(229,47,'Tortilla francesa con tomate rallado',3.00,1,3.00,'2013-08-23'),(230,55,'Cafe con leche',1.20,1,1.20,'2013-08-23'),(231,4,'FantaN',1.50,1,1.50,'2013-08-23'),(232,47,'Tortilla francesa con tomate rallado',3.00,1,3.00,'2013-08-23'),(233,7,'TrinaL',1.50,1,1.50,'2013-08-23'),(234,47,'Tortilla francesa con tomate rallado',3.00,1,3.00,'2013-08-23'),(235,4,'FantaN',1.50,1,1.50,'2013-08-23'),(236,45,'Almusafes',3.25,1,3.25,'2013-08-23'),(237,4,'FantaN',1.50,1,1.50,'2013-08-23'),(238,45,'Almusafes',3.25,1,3.25,'2013-08-23'),(239,47,'Tortilla francesa con tomate rallado',3.00,1,3.00,'2013-08-23'),(240,4,'FantaN',1.50,1,1.50,'2013-08-23'),(241,45,'Almusafes',3.25,1,3.25,'2013-08-23'),(242,47,'Tortilla francesa con tomate rallado',3.00,1,3.00,'2013-08-23'),(243,4,'FantaN',1.50,1,1.50,'2013-08-23'),(244,45,'Almusafes',3.25,1,3.25,'2013-08-23'),(245,47,'Tortilla francesa con tomate rallado',3.00,1,3.00,'2013-08-23'),(246,4,'FantaN',1.50,1,1.50,'2013-08-23'),(247,45,'Almusafes',3.25,1,3.25,'2013-08-23'),(248,47,'Tortilla francesa con tomate rallado',3.00,1,3.00,'2013-08-23'),(249,4,'FantaN',1.50,1,1.50,'2013-08-23'),(250,45,'Almusafes',3.25,1,3.25,'2013-08-23'),(251,47,'Tortilla francesa con tomate rallado',3.00,1,3.00,'2013-08-23'),(252,4,'FantaN',1.50,1,1.50,'2013-08-23'),(253,4,'FantaN',1.50,1,1.50,'2013-08-23'),(254,3,'TrinaN',1.50,1,1.50,'2013-08-23'),(255,4,'FantaN',1.50,1,1.50,'2013-08-23'),(256,7,'TrinaL',1.50,1,1.50,'2013-08-23'),(257,7,'TrinaL',1.50,1,1.50,'2013-08-23'),(258,6,'Coca-Cola Zero',1.50,1,1.50,'2013-08-23'),(259,7,'TrinaL',1.50,1,1.50,'2013-08-23'),(260,4,'FantaN',1.50,1,1.50,'2013-08-23'),(261,3,'TrinaN',1.50,1,1.50,'2013-08-23'),(262,6,'Coca-Cola Zero',1.50,1,1.50,'2013-08-23'),(263,7,'TrinaL',1.50,1,1.50,'2013-08-23'),(264,7,'TrinaL',1.50,1,1.50,'2013-08-23'),(265,3,'TrinaN',1.50,1,1.50,'2013-08-23'),(266,4,'FantaN',1.50,1,1.50,'2013-08-23'),(267,45,'Almusafes',3.25,1,3.25,'2013-08-23'),(268,4,'FantaN',1.50,1,1.50,'2013-08-23'),(269,3,'TrinaN',1.50,1,1.50,'2013-08-23'),(270,7,'TrinaL',1.50,1,1.50,'2013-08-23'),(271,4,'FantaN',1.50,1,1.50,'2013-08-23'),(272,3,'TrinaN',1.50,1,1.50,'2013-08-23'),(273,4,'FantaN',1.50,1,1.50,'2013-08-23'),(274,7,'TrinaL',1.50,1,1.50,'2013-08-23'),(275,7,'TrinaL',1.50,1,1.50,'2013-08-23'),(276,4,'FantaN',1.50,1,1.50,'2013-08-23'),(277,7,'TrinaL',1.50,1,1.50,'2013-08-23'),(278,4,'FantaN',1.50,1,1.50,'2013-08-23'),(279,4,'FantaN',1.50,1,1.50,'2013-08-23'),(280,4,'FantaN',1.50,1,1.50,'2013-08-23'),(281,3,'TrinaN',1.50,1,1.50,'2013-08-23'),(282,NULL,NULL,NULL,NULL,1.00,'2013-08-23'),(283,4,'FantaN',1.50,1,1.50,'2013-08-23'),(284,3,'TrinaN',1.50,1,1.50,'2013-08-23'),(285,7,'TrinaL',1.50,1,1.50,'2013-08-23'),(286,6,'Coca-Cola Zero',1.50,1,1.50,'2013-08-23'),(287,4,'FantaN',1.50,1,1.50,'2013-08-23'),(288,3,'TrinaN',1.50,1,1.50,'2013-08-23'),(289,7,'TrinaL',1.50,1,1.50,'2013-08-23'),(290,4,'FantaN',1.50,1,1.50,'2013-08-23'),(291,3,'TrinaN',1.50,1,1.50,'2013-08-23'),(292,7,'TrinaL',1.50,1,1.50,'2013-08-23'),(293,6,'Coca-Cola Zero',1.50,1,1.50,'2013-08-23'),(294,7,'TrinaL',1.50,1,1.50,'2013-08-23'),(295,4,'FantaN',1.50,1,1.50,'2013-08-23'),(296,7,'TrinaL',1.50,1,1.50,'2013-08-23'),(297,4,'FantaN',1.50,1,1.50,'2013-08-23'),(298,4,'FantaN',1.50,1,1.50,'2013-08-23'),(299,3,'TrinaN',1.50,1,1.50,'2013-08-23'),(300,7,'TrinaL',1.50,1,1.50,'2013-08-23'),(301,4,'FantaN',1.50,1,1.50,'2013-08-23'),(302,6,'Coca-Cola Zero',1.50,1,1.50,'2013-08-23'),(303,7,'TrinaL',1.50,1,1.50,'2013-08-23'),(304,7,'TrinaL',1.50,1,1.50,'2013-08-23'),(305,4,'FantaN',1.50,1,1.50,'2013-08-23'),(306,3,'TrinaN',1.50,1,1.50,'2013-08-23'),(307,4,'FantaN',1.50,1,1.50,'2013-08-23'),(308,3,'TrinaN',1.50,1,1.50,'2013-08-23'),(309,7,'TrinaL',1.50,1,1.50,'2013-08-23'),(310,4,'FantaN',1.50,1,1.50,'2013-08-23'),(311,4,'FantaN',1.50,1,1.50,'2013-08-23'),(312,7,'TrinaL',1.50,1,1.50,'2013-08-23'),(313,4,'FantaN',1.50,1,1.50,'2013-08-23'),(314,7,'TrinaL',1.50,1,1.50,'2013-08-23'),(315,4,'FantaN',1.50,1,1.50,'2013-08-23'),(316,4,'FantaN',1.50,1,1.50,'2013-08-23'),(317,3,'TrinaN',1.50,1,1.50,'2013-08-23'),(318,4,'FantaN',1.50,1,1.50,'2013-08-23'),(319,3,'TrinaN',1.50,1,1.50,'2013-08-23'),(320,4,'FantaN',1.50,1,1.50,'2013-08-23'),(321,7,'TrinaL',1.50,1,1.50,'2013-08-23'),(322,4,'FantaN',1.50,1,1.50,'2013-08-23'),(323,7,'TrinaL',1.50,1,1.50,'2013-08-23'),(324,4,'FantaN',1.50,1,1.50,'2013-08-23'),(325,4,'FantaN',1.50,1,1.50,'2013-08-23'),(326,7,'TrinaL',1.50,1,1.50,'2013-08-23'),(327,4,'FantaN',1.50,1,1.50,'2013-08-23'),(328,7,'TrinaL',1.50,1,1.50,'2013-08-23'),(329,4,'FantaN',1.50,1,1.50,'2013-08-23'),(330,7,'TrinaL',1.50,1,1.50,'2013-08-23'),(331,4,'FantaN',1.50,1,1.50,'2013-08-23'),(332,10,'Acuarious',1.60,1,1.60,'2013-08-23'),(333,7,'TrinaL',1.50,1,1.50,'2013-08-23'),(334,4,'FantaN',1.50,1,1.50,'2013-08-23'),(335,7,'TrinaL',1.50,1,1.50,'2013-08-23'),(336,4,'FantaN',1.50,1,1.50,'2013-08-24'),(337,3,'TrinaN',1.50,1,1.50,'2013-08-24'),(338,44,'Brascada',4.00,1,4.00,'2013-08-24'),(339,45,'Almusafes',3.25,1,3.25,'2013-08-24'),(340,1,'Coca-Cola',1.50,1,1.50,'2013-08-24'),(341,55,'Cafe con leche',1.20,1,1.20,'2013-08-24'),(342,54,'Cortado',1.10,1,1.10,'2013-08-24'),(343,2,'cafe',1.00,1,1.00,'2013-08-24'),(344,4,'FantaN',1.50,1,1.50,'2013-08-24'),(345,3,'TrinaN',1.50,1,1.50,'2013-08-24'),(346,4,'FantaN',1.50,1,1.50,'2013-08-24'),(347,7,'TrinaL',1.50,1,1.50,'2013-08-24'),(348,4,'FantaN',1.50,1,1.50,'2013-08-24'),(349,7,'TrinaL',1.50,1,1.50,'2013-08-24'),(350,44,'Brascada',4.00,1,4.00,'2013-08-24'),(351,45,'Almusafes',3.25,1,3.25,'2013-08-24'),(352,4,'FantaN',1.50,1,1.50,'2013-08-24'),(353,3,'TrinaN',1.50,1,1.50,'2013-08-24'),(354,44,'Brascada',4.00,1,4.00,'2013-08-24'),(355,45,'Almusafes',3.25,1,3.25,'2013-08-24'),(356,4,'FantaN',1.50,1,1.50,'2013-08-24'),(357,3,'TrinaN',1.50,1,1.50,'2013-08-24'),(358,44,'Brascada',4.00,1,4.00,'2013-08-24'),(359,45,'Almusafes',3.25,1,3.25,'2013-08-24'),(360,4,'FantaN',1.50,1,1.50,'2013-08-24'),(361,3,'TrinaN',1.50,1,1.50,'2013-08-24'),(362,44,'Brascada',4.00,1,4.00,'2013-08-24'),(363,4,'FantaN',1.50,1,1.50,'2013-08-24'),(364,3,'TrinaN',1.50,1,1.50,'2013-08-24'),(365,45,'Almusafes',3.25,1,3.25,'2013-08-24'),(366,44,'Brascada',4.00,1,4.00,'2013-08-24'),(367,4,'FantaN',1.50,1,1.50,'2013-08-24'),(368,3,'TrinaN',1.50,1,1.50,'2013-08-24'),(369,44,'Brascada',4.00,1,4.00,'2013-08-24'),(370,45,'Almusafes',3.25,1,3.25,'2013-08-24'),(371,4,'FantaN',1.50,1,1.50,'2013-08-24'),(372,3,'TrinaN',1.50,1,1.50,'2013-08-24'),(373,44,'Brascada',4.00,1,4.00,'2013-08-24'),(374,45,'Almusafes',3.25,1,3.25,'2013-08-24'),(375,4,'FantaN',1.50,1,1.50,'2013-08-24'),(376,3,'TrinaN',1.50,1,1.50,'2013-08-24'),(377,45,'Almusafes',3.25,1,3.25,'2013-08-24'),(378,44,'Brascada',4.00,1,4.00,'2013-08-24'),(379,4,'FantaN',1.50,1,1.50,'2013-08-24'),(380,3,'TrinaN',1.50,1,1.50,'2013-08-24'),(381,45,'Almusafes',3.25,1,3.25,'2013-08-24'),(382,44,'Brascada',4.00,1,4.00,'2013-08-24'),(383,7,'TrinaL',1.50,1,1.50,'2013-08-24'),(384,4,'FantaN',1.50,1,1.50,'2013-08-24'),(385,7,'TrinaL',1.50,1,1.50,'2013-08-24'),(386,7,'TrinaL',1.50,1,1.50,'2013-08-24'),(387,10,'Acuarious',1.60,1,1.60,'2013-08-24'),(388,4,'FantaN',1.50,1,1.50,'2013-08-24'),(389,3,'TrinaN',1.50,1,1.50,'2013-08-24'),(390,4,'FantaN',1.50,1,1.50,'2013-08-24'),(391,7,'TrinaL',1.50,1,1.50,'2013-08-24'),(392,4,'FantaN',1.50,1,1.50,'2013-08-24'),(393,3,'TrinaN',1.50,1,1.50,'2013-08-24'),(394,7,'TrinaL',1.50,1,1.50,'2013-08-24'),(395,4,'FantaN',1.50,1,1.50,'2013-08-24'),(396,3,'TrinaN',1.50,1,1.50,'2013-08-24'),(397,1,'Coca-Cola',1.50,1,1.50,'2013-08-24'),(398,4,'FantaN',1.50,1,1.50,'2013-08-24'),(399,3,'TrinaN',1.50,1,1.50,'2013-08-24'),(400,44,'Brascada',4.00,1,4.00,'2013-08-24'),(401,45,'Almusafes',3.25,1,3.25,'2013-08-24'),(402,4,'FantaN',1.50,1,1.50,'2013-08-24'),(403,3,'TrinaN',1.50,1,1.50,'2013-08-24'),(404,45,'Almusafes',3.25,1,3.25,'2013-08-24'),(405,44,'Brascada',4.00,1,4.00,'2013-08-24'),(406,4,'FantaN',1.50,1,1.50,'2013-08-24'),(407,3,'TrinaN',1.50,1,1.50,'2013-08-24'),(408,4,'FantaN',1.50,1,1.50,'2013-08-24'),(409,3,'TrinaN',1.50,1,1.50,'2013-08-24'),(410,4,'FantaN',1.50,1,1.50,'2013-08-24'),(411,4,'FantaN',1.50,1,1.50,'2013-08-26'),(412,7,'TrinaL',1.50,1,1.50,'2013-08-26'),(413,3,'TrinaN',1.50,1,1.50,'2013-08-26'),(414,7,'TrinaL',1.50,1,1.50,'2013-08-26'),(415,4,'FantaN',1.50,1,1.50,'2013-08-26'),(416,4,'FantaN',1.50,1,1.50,'2013-08-26'),(417,3,'TrinaN',1.50,1,1.50,'2013-08-26'),(418,3,'TrinaN',1.50,1,1.50,'2013-09-21'),(419,4,'FantaN',1.50,1,1.50,'2013-09-21'),(420,6,'Coca-Cola Zero',1.50,1,1.50,'2013-09-21'),(421,7,'TrinaL',1.50,1,1.50,'2013-09-21'),(422,4,'FantaN',1.50,1,1.50,'2013-09-21'),(423,NULL,NULL,NULL,NULL,9.00,'2013-09-21'),(424,7,'TrinaL',1.50,1,1.50,'2013-09-21'),(425,1,'Coca-Cola',1.50,2,3.00,'2013-09-21'),(426,4,'FantaN',1.50,1,1.50,'2013-09-21'),(427,3,'TrinaN',1.50,1,1.50,'2013-09-21'),(428,1,'Coca-Cola',1.50,1,1.50,'2013-09-21'),(429,3,'TrinaN',1.50,1,1.50,'2013-09-21'),(430,6,'Coca-Cola Zero',1.50,1,1.50,'2013-09-21'),(431,44,'Brascada',4.00,1,4.00,'2013-09-21'),(432,43,'Chivito',3.50,1,3.50,'2013-09-21'),(433,4,'FantaN',1.50,1,1.50,'2013-09-21'),(434,NULL,NULL,NULL,NULL,1.00,'2013-09-21'),(435,3,'TrinaN',1.50,1,1.50,'2013-10-20'),(436,1,'Coca-Cola',1.50,1,1.50,'2013-10-20'),(437,54,'Cortado',1.10,1,1.10,'2013-10-20'),(438,44,'Brascada',4.00,1,4.00,'2013-10-20'),(439,NULL,NULL,NULL,NULL,1.00,'2013-10-20'),(440,3,'TrinaN',1.50,1,1.50,'2014-01-21');
/*!40000 ALTER TABLE `registro` ENABLE KEYS */;
UNLOCK TABLES;

--
-- Table structure for table `tiquet`
--

DROP TABLE IF EXISTS `tiquet`;
/*!40101 SET @saved_cs_client     = @@character_set_client */;
/*!40101 SET character_set_client = utf8 */;
CREATE TABLE `tiquet` (
  `IDT` int(11) NOT NULL AUTO_INCREMENT,
  `IDM` int(11) NOT NULL,
  `FECHA` date NOT NULL,
  `TOTAL` float(5,2) NOT NULL,
  PRIMARY KEY (`IDT`),
  KEY `MESAS_fk` (`IDM`),
  KEY `M_fk_idx` (`IDM`),
  CONSTRAINT `M_fk` FOREIGN KEY (`IDM`) REFERENCES `mesas` (`IDM`) ON DELETE NO ACTION ON UPDATE NO ACTION
) ENGINE=InnoDB AUTO_INCREMENT=372 DEFAULT CHARSET=utf8;
/*!40101 SET character_set_client = @saved_cs_client */;

--
-- Dumping data for table `tiquet`
--

LOCK TABLES `tiquet` WRITE;
/*!40000 ALTER TABLE `tiquet` DISABLE KEYS */;
INSERT INTO `tiquet` VALUES (123,2,'2013-08-14',4.75),(124,2,'2013-08-14',6.25),(125,3,'2013-08-14',3.00),(126,2,'2013-08-14',3.00),(127,2,'2013-08-14',3.00),(128,3,'2013-08-14',3.00),(129,2,'2013-08-14',3.00),(130,3,'2013-08-14',4.75),(131,2,'2013-08-14',2.70),(132,2,'2013-08-14',2.70),(133,2,'2013-08-14',2.70),(134,12,'2013-08-14',6.60),(135,2,'2013-08-14',4.90),(136,1,'2013-08-16',1.50),(137,1,'2013-08-16',1.50),(138,1,'2013-08-16',4.50),(139,1,'2013-08-16',1.50),(140,1,'2013-08-16',1.50),(141,1,'2013-08-16',1.50),(142,1,'2013-08-16',1.50),(143,1,'2013-08-16',1.50),(144,1,'2013-08-16',3.00),(145,1,'2013-08-16',1.50),(146,1,'2013-08-23',6.00),(147,1,'2013-08-23',6.00),(148,3,'2013-08-23',6.00),(149,1,'2013-08-23',4.50),(150,1,'2013-08-23',3.00),(151,1,'2013-08-23',1.50),(152,1,'2013-08-23',1.50),(153,1,'2013-08-23',1.50),(154,1,'2013-08-23',3.00),(155,1,'2013-08-23',1.50),(156,1,'2013-08-23',3.00),(157,1,'2013-08-23',0.00),(158,1,'2013-08-23',0.00),(159,1,'2013-08-23',3.00),(160,1,'2013-08-23',3.00),(161,1,'2013-08-23',1.50),(162,1,'2013-08-23',1.50),(163,1,'2013-08-23',3.00),(164,1,'2013-08-23',1.50),(165,1,'2013-08-23',1.50),(166,1,'2013-08-23',1.50),(167,1,'2013-08-23',1.50),(168,1,'2013-08-23',1.50),(169,1,'2013-08-23',1.50),(170,3,'2013-08-23',1.60),(171,1,'2013-08-23',9.50),(172,1,'2013-08-23',9.50),(173,2,'2013-08-23',9.50),(174,1,'2013-08-23',9.50),(175,11,'2013-08-23',9.50),(176,2,'2013-08-23',15.25),(177,2,'2013-08-23',9.50),(178,1,'2013-08-23',8.00),(179,3,'2013-08-23',0.00),(180,2,'2013-08-23',9.50),(181,1,'2013-08-23',3.00),(182,1,'2013-08-23',3.00),(183,1,'2013-08-23',1.50),(184,1,'2013-08-23',1.50),(185,2,'2013-08-23',5.75),(186,8,'2013-08-23',3.00),(187,8,'2013-08-23',6.00),(188,7,'2013-08-23',6.00),(189,2,'2013-08-23',4.50),(190,8,'2013-08-23',7.45),(191,12,'2013-08-23',4.50),(192,8,'2013-08-23',4.50),(193,8,'2013-08-23',4.75),(194,12,'2013-08-23',7.75),(195,12,'2013-08-23',7.75),(196,8,'2013-08-23',7.75),(197,8,'2013-08-23',7.75),(198,3,'2013-08-23',7.75),(200,2,'2013-08-23',1.50),(202,8,'2013-08-23',3.00),(203,8,'2013-08-23',3.00),(204,8,'2013-08-23',3.00),(205,8,'2013-08-23',6.00),(206,8,'2013-08-23',1.50),(207,8,'2013-08-23',1.50),(208,8,'2013-08-23',6.25),(209,2,'2013-08-23',4.50),(210,8,'2013-08-23',3.00),(211,8,'2013-08-23',3.00),(212,3,'2013-08-23',3.00),(213,12,'2013-08-23',3.00),(214,4,'2013-08-23',1.50),(215,8,'2013-08-23',3.00),(216,8,'2013-08-23',6.00),(217,3,'2013-08-23',4.50),(218,3,'2013-08-23',6.00),(219,7,'2013-08-23',3.00),(220,7,'2013-08-23',3.00),(221,7,'2013-08-23',3.00),(222,7,'2013-08-23',3.00),(223,10,'2013-08-23',3.00),(224,10,'2013-08-23',1.50),(225,8,'2013-08-23',3.00),(226,2,'2013-08-23',3.00),(227,8,'2013-08-23',3.00),(228,2,'2013-08-23',1.50),(229,8,'2013-08-23',3.00),(230,2,'2013-08-23',3.00),(231,8,'2013-08-23',3.00),(232,8,'2013-08-23',3.00),(233,8,'2013-08-23',3.00),(234,8,'2013-08-23',3.00),(235,8,'2013-08-23',0.00),(236,11,'2013-08-23',1.50),(237,11,'2013-08-23',1.50),(238,8,'2013-08-23',3.00),(239,12,'2013-08-23',3.00),(240,8,'2013-08-23',3.00),(241,8,'2013-08-23',3.10),(242,8,'2013-08-23',3.00),(243,8,'2013-08-24',3.00),(244,8,'2013-08-24',8.75),(245,8,'2013-08-24',3.30),(246,8,'2013-08-24',3.00),(247,8,'2013-08-24',3.00),(248,8,'2013-08-24',3.00),(249,8,'2013-08-24',7.25),(250,1,'2013-08-24',10.25),(251,3,'2013-08-24',10.25),(252,3,'2013-08-24',7.00),(253,8,'2013-08-24',10.25),(254,8,'2013-08-24',10.25),(255,3,'2013-08-24',10.25),(256,3,'2013-08-24',10.25),(257,8,'2013-08-24',10.25),(258,8,'2013-08-24',3.00),(259,8,'2013-08-24',1.50),(260,8,'2013-08-24',1.50),(261,8,'2013-08-24',1.60),(262,8,'2013-08-24',3.00),(263,8,'2013-08-24',3.00),(264,8,'2013-08-24',3.00),(265,8,'2013-08-24',3.00),(266,8,'2013-08-24',3.00),(267,3,'2013-08-24',10.25),(268,8,'2013-08-24',10.25),(269,8,'2013-08-24',3.00),(270,8,'2013-08-24',3.00),(271,8,'2013-08-24',1.50),(272,8,'2013-08-26',4.50),(273,8,'2013-08-26',1.50),(274,8,'2013-08-26',1.50),(275,8,'2013-08-26',3.00),(276,8,'2013-09-21',3.00),(277,8,'2013-09-21',1.50),(278,8,'2013-09-21',3.00),(279,8,'2013-09-21',4.50),(280,8,'2013-09-21',3.00),(281,1,'2013-09-21',12.00),(282,3,'2013-09-21',1.50),(283,1,'2013-10-20',8.10),(284,8,'2013-10-20',0.00),(285,1,'2014-01-13',0.00),(286,4,'2014-01-21',1.50),(287,8,'2014-01-24',0.00),(288,8,'2014-01-24',0.00),(289,8,'2014-01-24',0.00),(290,7,'2014-01-24',1.20),(291,7,'2014-01-24',3.70),(292,6,'2014-01-24',3.70),(293,7,'2014-01-24',3.70),(294,2,'2014-01-24',1.20),(295,2,'2014-01-24',1.20),(296,12,'2014-01-24',3.70),(297,14,'2014-01-24',11.00),(298,7,'2014-01-24',3.70),(299,2,'2014-01-25',9.90),(300,7,'2014-01-25',5.10),(301,1,'2014-01-25',2.70),(302,2,'2014-01-25',2.60),(303,8,'2014-01-25',5.10),(304,8,'2014-01-25',0.00),(305,8,'2014-01-25',0.00),(306,8,'2014-01-25',0.00),(307,8,'2014-01-26',0.00),(308,8,'2014-01-26',0.00),(309,8,'2014-01-26',0.00),(310,8,'2014-01-26',0.00),(311,8,'2014-01-26',0.00),(312,8,'2014-01-26',2.60),(313,8,'2014-01-26',2.60),(314,2,'2014-01-26',4.50),(315,8,'2014-01-26',2.60),(316,8,'2014-01-26',2.60),(317,8,'2014-01-26',2.60),(318,8,'2014-01-26',0.00),(319,8,'2014-01-26',4.20),(320,8,'2014-01-26',4.20),(321,8,'2014-01-26',2.60),(322,8,'2014-01-26',2.60),(323,8,'2014-01-26',0.00),(324,8,'2014-01-26',0.00),(325,8,'2014-01-26',0.00),(326,8,'2014-01-26',0.00),(327,8,'2014-01-26',0.00),(328,8,'2014-01-26',0.00),(329,8,'2014-01-26',0.00),(330,8,'2014-01-26',0.00),(331,8,'2014-01-26',0.00),(332,8,'2014-01-26',0.00),(333,8,'2014-01-26',0.00),(334,8,'2014-01-26',0.00),(335,7,'2014-01-26',0.00),(336,3,'2014-01-26',5.10),(337,6,'2014-01-26',12.90),(338,8,'2014-01-26',30.00),(339,11,'2014-01-26',33.75),(340,8,'2014-01-26',0.00),(341,8,'2014-01-26',0.00),(342,8,'2014-01-26',4.90),(343,8,'2014-01-26',0.00),(344,8,'2014-01-26',3.70),(345,7,'2014-01-26',2.50),(346,7,'2014-01-26',2.50),(347,8,'2014-01-26',1.20),(348,8,'2014-01-26',6.30),(349,7,'2014-01-26',3.70),(350,8,'2014-01-26',7.00),(351,8,'2014-01-26',2.50),(352,8,'2014-01-26',0.00),(353,8,'2014-01-26',0.00),(354,8,'2014-01-26',0.00),(355,8,'2014-01-26',0.00),(356,8,'2014-01-26',0.00),(357,8,'2014-01-26',0.00),(358,8,'2014-01-26',0.00),(359,8,'2014-01-26',5.70),(360,8,'2014-01-26',0.00),(361,8,'2014-01-26',2.60),(362,8,'2014-01-26',5.10),(363,8,'2014-01-26',0.00),(364,8,'2014-01-26',1.40),(365,8,'2014-01-26',0.00),(366,8,'2014-01-27',0.00),(367,8,'2014-01-27',9.75),(370,8,'2014-01-27',1.20),(371,8,'2014-01-29',6.10);
/*!40000 ALTER TABLE `tiquet` ENABLE KEYS */;
UNLOCK TABLES;

--
-- Table structure for table `z`
--

DROP TABLE IF EXISTS `z`;
/*!40101 SET @saved_cs_client     = @@character_set_client */;
/*!40101 SET character_set_client = utf8 */;
CREATE TABLE `z` (
  `COD` int(4) NOT NULL AUTO_INCREMENT,
  `ENTRADA` float(5,2) DEFAULT NULL,
  `FECHA` date DEFAULT NULL,
  `HORA` time DEFAULT NULL,
  `IDT` int(11) DEFAULT NULL,
  `TOTAL` float(5,2) DEFAULT NULL,
  PRIMARY KEY (`COD`)
) ENGINE=InnoDB AUTO_INCREMENT=106 DEFAULT CHARSET=utf8;
/*!40101 SET character_set_client = @saved_cs_client */;

--
-- Dumping data for table `z`
--

LOCK TABLES `z` WRITE;
/*!40000 ALTER TABLE `z` DISABLE KEYS */;
INSERT INTO `z` VALUES (3,20.00,'2013-08-24','01:04:19',0,0.00),(4,20.00,'2013-08-24','01:06:32',1,79.30),(6,20.00,'2013-08-24','01:18:39',256,0.00),(7,20.00,'2013-08-24','01:22:28',257,0.00),(8,20.00,'2013-08-24','01:24:13',258,0.00),(9,20.00,'2013-08-24','01:26:17',258,0.00),(10,20.00,'2013-08-24','01:28:53',259,0.00),(11,20.00,'2013-08-24','01:33:02',260,0.00),(12,3.00,'2013-08-24','01:34:14',261,0.00),(13,20.00,'2013-08-24','09:51:45',262,0.00),(14,20.00,'2013-08-24','09:56:52',263,0.00),(15,20.00,'2013-08-24','18:55:33',263,3.00),(16,20.00,'2013-08-24','18:59:05',266,6.00),(17,20.00,'2013-08-24','19:18:54',267,30.25),(18,20.00,'2013-08-24','19:19:33',268,30.25),(19,20.00,'2013-08-24','19:19:36',268,30.25),(20,20.00,'2013-08-24','19:21:44',269,23.00),(21,20.00,'2013-08-24','19:23:15',270,23.00),(22,20.00,'2013-08-24','19:24:15',271,21.50),(23,30.00,'2013-08-26','12:07:47',272,34.50),(24,20.00,'2013-08-26','12:20:21',274,21.50),(25,20.00,'2013-08-26','14:35:13',275,23.00),(26,20.00,'2013-09-21','16:38:45',278,27.50),(27,20.00,'2013-09-21','16:38:48',278,27.50),(28,20.00,'2013-09-21','16:38:50',278,27.50),(29,20.00,'2013-09-21','16:38:51',278,27.50),(30,20.00,'2013-09-21','16:38:55',278,27.50),(31,20.00,'2013-09-21','16:38:57',278,27.50),(32,20.00,'2013-09-21','16:38:57',278,27.50),(33,20.00,'2013-09-21','16:38:58',278,27.50),(34,20.00,'2013-09-21','16:39:00',278,27.50),(35,20.00,'2013-09-21','16:39:00',278,27.50),(36,20.00,'2013-09-21','16:39:04',278,27.50),(37,20.00,'2013-09-21','16:39:04',278,27.50),(38,20.00,'2013-09-21','16:39:07',278,27.50),(39,20.00,'2013-09-21','16:39:09',278,27.50),(40,20.00,'2013-09-21','16:39:14',278,27.50),(41,20.00,'2013-09-21','16:39:17',278,27.50),(42,20.00,'2013-09-21','16:56:07',282,41.00),(43,20.00,'2013-09-21','16:56:10',282,41.00),(44,20.00,'2013-09-21','16:56:11',282,41.00),(45,20.00,'2013-09-21','16:56:11',282,41.00),(46,20.00,'2013-09-21','16:56:12',282,41.00),(47,20.00,'2013-09-21','16:56:12',282,41.00),(48,20.00,'2013-09-21','16:56:13',282,41.00),(49,20.00,'2013-09-21','16:56:13',282,41.00),(50,20.00,'2013-09-21','16:56:14',282,41.00),(51,20.00,'2013-09-21','16:56:24',282,41.00),(52,20.00,'2013-09-21','16:56:24',282,41.00),(53,20.00,'2013-09-21','16:56:27',282,41.00),(54,20.00,'2013-09-21','16:56:27',282,41.00),(55,20.00,'2013-09-21','16:56:27',282,41.00),(56,20.00,'2013-09-21','16:56:41',282,41.00),(57,20.00,'2013-10-20','18:55:12',282,20.00),(58,20.00,'2013-10-20','18:55:13',282,20.00),(59,20.00,'2013-10-20','18:55:19',282,20.00),(60,20.00,'2013-10-20','18:55:20',282,20.00),(61,20.00,'2013-10-20','18:55:20',282,20.00),(62,3.00,'2014-01-13','18:24:58',284,3.00),(63,3.00,'2014-01-13','18:25:00',284,3.00),(64,3.00,'2014-01-13','18:25:19',284,3.00),(65,3.00,'2014-01-13','18:25:22',284,3.00),(66,3.00,'2014-01-13','18:25:22',284,3.00),(67,3.00,'2014-01-13','18:25:22',284,3.00),(68,3.00,'2014-01-13','18:25:24',284,3.00),(69,3.00,'2014-01-13','18:25:24',284,3.00),(70,3.00,'2014-01-13','18:25:46',284,3.00),(71,3.00,'2014-01-13','18:31:38',284,3.00),(72,3.00,'2014-01-13','18:32:04',284,3.00),(73,3.00,'2014-01-13','18:32:04',284,3.00),(74,3.00,'2014-01-13','18:32:07',284,3.00),(75,3.00,'2014-01-13','18:32:50',284,3.00),(76,3.00,'2014-01-13','20:05:39',284,3.00),(77,3.00,'2014-01-13','20:06:02',285,3.00),(78,3.00,'2014-01-13','20:06:05',285,3.00),(79,3.00,'2014-01-13','20:06:08',285,3.00),(80,3.00,'2014-01-13','20:06:12',285,3.00),(81,3.00,'2014-01-13','20:06:19',285,3.00),(82,3.00,'2014-01-13','20:33:28',285,3.00),(83,3.00,'2014-01-13','20:33:45',285,3.00),(84,3.00,'2014-01-13','20:38:06',285,3.00),(85,3.00,'2014-01-13','20:41:00',285,3.00),(86,3.00,'2014-01-13','21:00:41',285,3.00),(87,3.00,'2014-01-21','14:07:57',285,3.00),(88,20.00,'2014-01-21','14:34:37',285,20.00),(89,20.00,'2014-01-21','14:34:41',285,20.00),(90,20.00,'2014-01-21','14:34:49',285,20.00),(91,20.00,'2014-01-21','14:35:14',286,21.50),(92,20.00,'2014-01-21','14:35:29',286,21.50),(93,20.00,'2014-01-21','14:38:51',286,20.00),(94,3.00,'2014-01-21','14:46:40',286,3.00),(95,3.00,'2014-01-21','14:49:13',286,3.00),(96,3.00,'2014-01-21','14:49:59',286,3.00),(97,3.00,'2014-01-22','12:07:21',286,3.00),(98,3.00,'2014-01-22','16:21:24',286,3.00),(99,3.00,'2014-01-22','16:59:43',286,3.00),(100,3.00,'2014-01-22','18:58:48',286,3.00),(101,3.00,'2014-01-22','18:59:00',286,3.00),(102,3.00,'2014-01-22','18:59:06',286,3.00),(103,3.00,'2014-01-24','23:25:25',298,3.00),(104,3.00,'2014-01-25','21:07:24',303,3.00),(105,3.00,'2014-01-25','21:09:50',303,3.00);
/*!40000 ALTER TABLE `z` ENABLE KEYS */;
UNLOCK TABLES;
/*!40103 SET TIME_ZONE=@OLD_TIME_ZONE */;

/*!40101 SET SQL_MODE=@OLD_SQL_MODE */;
/*!40014 SET FOREIGN_KEY_CHECKS=@OLD_FOREIGN_KEY_CHECKS */;
/*!40014 SET UNIQUE_CHECKS=@OLD_UNIQUE_CHECKS */;
/*!40101 SET CHARACTER_SET_CLIENT=@OLD_CHARACTER_SET_CLIENT */;
/*!40101 SET CHARACTER_SET_RESULTS=@OLD_CHARACTER_SET_RESULTS */;
/*!40101 SET COLLATION_CONNECTION=@OLD_COLLATION_CONNECTION */;
/*!40111 SET SQL_NOTES=@OLD_SQL_NOTES */;

-- Dump completed on 2014-01-30 12:10:56
